RunID,RowType,PlayerID,UnknownSelectMode,TargetUpdateMode,StepIndex,Frame,NodeName,NodePosX,NodePosY,NodePosZ,CellX,CellZ,NodesCreated,ShortestPathLen,TimeToGoal,TotalNodeVisits,TotalProcessMs,AvgProcessMs,MaxProcessMs
4,VISIT,48,Nearest,OnArrival,0,530,Node_594,-10,0,-5,-10,-5,,,,,,,
4,VISIT,48,Nearest,OnArrival,1,1055,Node_594,-10,0,-5,-10,-5,,,,,,,
4,VISIT,48,Nearest,OnArrival,2,1323,Node_595,-10,0,-1,-10,-1,,,,,,,
4,VISIT,48,Nearest,OnArrival,3,1708,Node_595,-10,0,-1,-10,-1,,,,,,,
4,VISIT,49,Nearest,OnArrival,0,1901,Node_595,-10,0,-1,-10,-1,,,,,,,
4,VISIT,48,Nearest,OnArrival,4,1971,Node_595,-10,0,-1,-10,-1,,,,,,,
4,VISIT,49,Nearest,OnArrival,1,2032,Node_598,-8,0,-1,-8,-1,,,,,,,
4,VISIT,48,Nearest,OnArrival,5,2099,Node_598,-8,0,-1,-8,-1,,,,,,,
4,VISIT,49,Nearest,OnArrival,2,2160,Node_598,-8,0,-1,-8,-1,,,,,,,
4,VISIT,49,Nearest,OnArrival,3,2221,Node_600,-7,0,-1,-7,-1,,,,,,,
4,VISIT,48,Nearest,OnArrival,6,2225,Node_598,-8,0,-1,-8,-1,,,,,,,
4,VISIT,49,Nearest,OnArrival,4,2285,Node_598,-8,0,-1,-8,-1,,,,,,,
4,VISIT,48,Nearest,OnArrival,7,2289,Node_599,-8,0,-2,-8,-2,,,,,,,
4,VISIT,49,Nearest,OnArrival,5,2349,Node_599,-8,0,-2,-8,-2,,,,,,,
4,VISIT,49,Nearest,OnArrival,6,2407,Node_601,-8,0,-3,-8,-3,,,,,,,
4,VISIT,48,Nearest,OnArrival,8,2414,Node_599,-8,0,-2,-8,-2,,,,,,,
4,VISIT,49,Nearest,OnArrival,7,2471,Node_599,-8,0,-2,-8,-2,,,,,,,
4,VISIT,49,Nearest,OnArrival,8,2534,Node_602,-7,0,-2,-7,-2,,,,,,,
4,VISIT,48,Nearest,OnArrival,9,2539,Node_599,-8,0,-2,-8,-2,,,,,,,
4,VISIT,49,Nearest,OnArrival,9,2598,Node_599,-8,0,-2,-8,-2,,,,,,,
4,VISIT,48,Nearest,OnArrival,10,2602,Node_602,-7,0,-2,-7,-2,,,,,,,
4,VISIT,49,Nearest,OnArrival,10,2661,Node_602,-7,0,-2,-7,-2,,,,,,,
4,VISIT,48,Nearest,OnArrival,11,2665,Node_600,-7,0,-1,-7,-1,,,,,,,
4,VISIT,49,Nearest,OnArrival,11,2724,Node_600,-7,0,-1,-7,-1,,,,,,,
4,VISIT,48,Nearest,OnArrival,12,2728,Node_602,-7,0,-2,-7,-2,,,,,,,
4,VISIT,49,Nearest,OnArrival,12,2785,Node_602,-7,0,-2,-7,-2,,,,,,,
4,VISIT,48,Nearest,OnArrival,13,2789,Node_600,-7,0,-1,-7,-1,,,,,,,
4,VISIT,49,Nearest,OnArrival,13,2847,Node_600,-7,0,-1,-7,-1,,,,,,,
4,VISIT,49,Nearest,OnArrival,14,2910,Node_603,-7,0,0,-7,0,,,,,,,
4,VISIT,48,Nearest,OnArrival,14,2914,Node_600,-7,0,-1,-7,-1,,,,,,,
4,VISIT,49,Nearest,OnArrival,15,2973,Node_600,-7,0,-1,-7,-1,,,,,,,
4,VISIT,48,Nearest,OnArrival,15,2977,Node_603,-7,0,0,-7,0,,,,,,,
4,VISIT,49,Nearest,OnArrival,16,3035,Node_603,-7,0,0,-7,0,,,,,,,
4,VISIT,49,Nearest,OnArrival,17,3098,Node_604,-6,0,0,-6,0,,,,,,,
4,VISIT,48,Nearest,OnArrival,16,3102,Node_603,-7,0,0,-7,0,,,,,,,
4,VISIT,49,Nearest,OnArrival,18,3158,Node_603,-7,0,0,-7,0,,,,,,,
4,VISIT,48,Nearest,OnArrival,17,3163,Node_604,-6,0,0,-6,0,,,,,,,
4,VISIT,49,Nearest,OnArrival,19,3220,Node_604,-6,0,0,-6,0,,,,,,,
4,VISIT,49,Nearest,OnArrival,20,3336,Node_605,-6,0,2,-6,2,,,,,,,
4,VISIT,48,Nearest,OnArrival,18,3406,Node_604,-6,0,0,-6,0,,,,,,,
4,VISIT,50,Nearest,OnArrival,0,3442,Node_595,-10,0,-1,-10,-1,,,,,,,
4,VISIT,49,Nearest,OnArrival,21,3461,Node_604,-6,0,0,-6,0,,,,,,,
4,VISIT,49,Nearest,OnArrival,22,3524,Node_606,-5,0,0,-5,0,,,,,,,
4,VISIT,48,Nearest,OnArrival,19,3528,Node_604,-6,0,0,-6,0,,,,,,,
4,VISIT,49,Nearest,OnArrival,23,3586,Node_604,-6,0,0,-6,0,,,,,,,
4,VISIT,48,Nearest,OnArrival,20,3590,Node_606,-5,0,0,-5,0,,,,,,,
4,VISIT,50,Nearest,OnArrival,1,3625,Node_597,-10,0,2,-10,2,,,,,,,
4,VISIT,49,Nearest,OnArrival,24,3645,Node_606,-5,0,0,-5,0,,,,,,,
4,VISIT,49,Nearest,OnArrival,25,3833,Node_608,-5,0,-3,-5,-3,,,,,,,
4,VISIT,50,Nearest,OnArrival,2,3874,Node_597,-10,0,2,-10,2,,,,,,,
4,VISIT,48,Nearest,OnArrival,21,3964,Node_606,-5,0,0,-5,0,,,,,,,
4,VISIT,49,Nearest,OnArrival,26,4023,Node_606,-5,0,0,-5,0,,,,,,,
4,VISIT,49,Nearest,OnArrival,27,4146,Node_610,-3,0,0,-3,0,,,,,,,
4,VISIT,48,Nearest,OnArrival,22,4215,Node_606,-5,0,0,-5,0,,,,,,,
4,VISIT,50,Nearest,OnArrival,3,4249,Node_597,-10,0,2,-10,2,,,,,,,
4,VISIT,49,Nearest,OnArrival,28,4273,Node_606,-5,0,0,-5,0,,,,,,,
4,VISIT,48,Nearest,OnArrival,23,4341,Node_610,-3,0,0,-3,0,,,,,,,
4,VISIT,49,Nearest,OnArrival,29,4399,Node_610,-3,0,0,-3,0,,,,,,,
4,VISIT,50,Nearest,OnArrival,4,4437,Node_609,-7,0,2,-7,2,,,,,,,
4,VISIT,49,Nearest,OnArrival,30,4460,Node_611,-3,0,1,-3,1,,,,,,,
4,VISIT,48,Nearest,OnArrival,24,4464,Node_610,-3,0,0,-3,0,,,,,,,
4,VISIT,49,Nearest,OnArrival,31,4521,Node_610,-3,0,0,-3,0,,,,,,,
4,VISIT,50,Nearest,OnArrival,5,4685,Node_609,-7,0,2,-7,2,,,,,,,
4,VISIT,49,Nearest,OnArrival,32,4708,Node_613,-3,0,-3,-3,-3,,,,,,,
4,VISIT,50,Nearest,OnArrival,6,4747,Node_605,-6,0,2,-6,2,,,,,,,
4,VISIT,50,Nearest,OnArrival,7,4810,Node_609,-7,0,2,-7,2,,,,,,,
4,VISIT,48,Nearest,OnArrival,25,4837,Node_610,-3,0,0,-3,0,,,,,,,
4,VISIT,50,Nearest,OnArrival,8,4871,Node_605,-6,0,2,-6,2,,,,,,,
4,VISIT,49,Nearest,OnArrival,33,4894,Node_610,-3,0,0,-3,0,,,,,,,
4,VISIT,48,Nearest,OnArrival,26,4898,Node_611,-3,0,1,-3,1,,,,,,,
4,VISIT,49,Nearest,OnArrival,34,4956,Node_611,-3,0,1,-3,1,,,,,,,
4,VISIT,51,Nearest,OnArrival,0,4982,Node_595,-10,0,-1,-10,-1,,,,,,,
4,VISIT,49,Nearest,OnArrival,35,5015,Node_614,-3,0,2,-3,2,,,,,,,
4,VISIT,48,Nearest,OnArrival,27,5019,Node_611,-3,0,1,-3,1,,,,,,,
4,VISIT,50,Nearest,OnArrival,9,5050,Node_614,-3,0,2,-3,2,,,,,,,
4,VISIT,49,Nearest,OnArrival,36,5075,Node_611,-3,0,1,-3,1,,,,,,,
4,VISIT,51,Nearest,OnArrival,1,5165,Node_597,-10,0,2,-10,2,,,,,,,
4,VISIT,49,Nearest,OnArrival,37,5197,Node_615,-1,0,1,-1,1,,,,,,,
4,VISIT,50,Nearest,OnArrival,10,5233,Node_605,-6,0,2,-6,2,,,,,,,
4,VISIT,48,Nearest,OnArrival,28,5261,Node_611,-3,0,1,-3,1,,,,,,,
4,VISIT,50,Nearest,OnArrival,11,5291,Node_609,-7,0,2,-7,2,,,,,,,
4,VISIT,49,Nearest,OnArrival,38,5315,Node_611,-3,0,1,-3,1,,,,,,,
4,VISIT,48,Nearest,OnArrival,29,5319,Node_614,-3,0,2,-3,2,,,,,,,
4,VISIT,51,Nearest,OnArrival,2,5342,Node_609,-7,0,2,-7,2,,,,,,,
4,VISIT,49,Nearest,OnArrival,39,5374,Node_614,-3,0,2,-3,2,,,,,,,
4,VISIT,51,Nearest,OnArrival,3,5402,Node_605,-6,0,2,-6,2,,,,,,,
4,VISIT,50,Nearest,OnArrival,12,5409,Node_612,-7,0,4,-7,4,,,,,,,
4,VISIT,51,Nearest,OnArrival,4,5458,Node_609,-7,0,2,-7,2,,,,,,,
4,VISIT,49,Nearest,OnArrival,40,5490,Node_616,-3,0,4,-3,4,,,,,,,
4,VISIT,50,Nearest,OnArrival,13,5525,Node_612,-7,0,4,-7,4,,,,,,,
4,VISIT,48,Nearest,OnArrival,30,5554,Node_614,-3,0,2,-3,2,,,,,,,
4,VISIT,51,Nearest,OnArrival,5,5576,Node_612,-7,0,4,-7,4,,,,,,,
4,VISIT,49,Nearest,OnArrival,41,5607,Node_614,-3,0,2,-3,2,,,,,,,
4,VISIT,48,Nearest,OnArrival,31,5673,Node_616,-3,0,4,-3,4,,,,,,,
4,VISIT,49,Nearest,OnArrival,42,5726,Node_616,-3,0,4,-3,4,,,,,,,
4,VISIT,50,Nearest,OnArrival,14,5761,Node_616,-3,0,4,-3,4,,,,,,,
4,VISIT,51,Nearest,OnArrival,6,5815,Node_616,-3,0,4,-3,4,,,,,,,
4,VISIT,48,Nearest,OnArrival,32,5911,Node_612,-7,0,4,-7,4,,,,,,,
4,VISIT,49,Nearest,OnArrival,43,5967,Node_612,-7,0,4,-7,4,,,,,,,
4,VISIT,50,Nearest,OnArrival,15,6002,Node_612,-7,0,4,-7,4,,,,,,,
4,VISIT,51,Nearest,OnArrival,7,6054,Node_612,-7,0,4,-7,4,,,,,,,
4,VISIT,50,Nearest,OnArrival,16,6059,Node_617,-7,0,5,-7,5,,,,,,,
4,VISIT,51,Nearest,OnArrival,8,6113,Node_617,-7,0,5,-7,5,,,,,,,
4,VISIT,48,Nearest,OnArrival,33,6146,Node_616,-3,0,4,-3,4,,,,,,,
4,VISIT,51,Nearest,OnArrival,9,6170,Node_618,-7,0,6,-7,6,,,,,,,
4,VISIT,50,Nearest,OnArrival,17,6175,Node_617,-7,0,5,-7,5,,,,,,,
4,VISIT,49,Nearest,OnArrival,44,6197,Node_616,-3,0,4,-3,4,,,,,,,
4,VISIT,51,Nearest,OnArrival,10,6226,Node_617,-7,0,5,-7,5,,,,,,,
4,VISIT,49,Nearest,OnArrival,45,6254,Node_619,-2,0,4,-2,4,,,,,,,
4,VISIT,48,Nearest,OnArrival,34,6258,Node_616,-3,0,4,-3,4,,,,,,,
4,VISIT,51,Nearest,OnArrival,11,6281,Node_620,-8,0,5,-8,5,,,,,,,
4,VISIT,50,Nearest,OnArrival,18,6287,Node_617,-7,0,5,-7,5,,,,,,,
4,VISIT,49,Nearest,OnArrival,46,6308,Node_616,-3,0,4,-3,4,,,,,,,
4,VISIT,48,Nearest,OnArrival,35,6312,Node_619,-2,0,4,-2,4,,,,,,,
4,VISIT,51,Nearest,OnArrival,12,6331,Node_617,-7,0,5,-7,5,,,,,,,
4,VISIT,50,Nearest,OnArrival,19,6335,Node_618,-7,0,6,-7,6,,,,,,,
4,VISIT,49,Nearest,OnArrival,47,6355,Node_619,-2,0,4,-2,4,,,,,,,
4,VISIT,51,Nearest,OnArrival,13,6385,Node_618,-7,0,6,-7,6,,,,,,,
4,VISIT,52,Nearest,OnArrival,0,6415,Node_595,-10,0,-1,-10,-1,,,,,,,
4,VISIT,51,Nearest,OnArrival,14,6425,Node_621,-7,0,7,-7,7,,,,,,,
4,VISIT,50,Nearest,OnArrival,20,6428,Node_618,-7,0,6,-7,6,,,,,,,
4,VISIT,49,Nearest,OnArrival,48,6443,Node_622,-2,0,6,-2,6,,,,,,,
4,VISIT,51,Nearest,OnArrival,15,6465,Node_618,-7,0,6,-7,6,,,,,,,
4,VISIT,48,Nearest,OnArrival,36,6490,Node_619,-2,0,4,-2,4,,,,,,,
4,VISIT,51,Nearest,OnArrival,16,6508,Node_623,-8,0,6,-8,6,,,,,,,
4,VISIT,50,Nearest,OnArrival,21,6512,Node_618,-7,0,6,-7,6,,,,,,,
4,VISIT,49,Nearest,OnArrival,49,6528,Node_619,-2,0,4,-2,4,,,,,,,
4,VISIT,52,Nearest,OnArrival,1,6538,Node_597,-10,0,2,-10,2,,,,,,,
4,VISIT,51,Nearest,OnArrival,17,6550,Node_618,-7,0,6,-7,6,,,,,,,
4,VISIT,49,Nearest,OnArrival,50,6574,Node_624,-1,0,4,-1,4,,,,,,,
4,VISIT,48,Nearest,OnArrival,37,6579,Node_619,-2,0,4,-2,4,,,,,,,
4,VISIT,51,Nearest,OnArrival,18,6602,Node_625,-6,0,6,-6,6,,,,,,,
4,VISIT,50,Nearest,OnArrival,22,6607,Node_618,-7,0,6,-7,6,,,,,,,
4,VISIT,49,Nearest,OnArrival,51,6627,Node_619,-2,0,4,-2,4,,,,,,,
4,VISIT,48,Nearest,OnArrival,38,6632,Node_624,-1,0,4,-1,4,,,,,,,
4,VISIT,51,Nearest,OnArrival,19,6656,Node_618,-7,0,6,-7,6,,,,,,,
4,VISIT,50,Nearest,OnArrival,23,6660,Node_621,-7,0,7,-7,7,,,,,,,
4,VISIT,49,Nearest,OnArrival,52,6681,Node_624,-1,0,4,-1,4,,,,,,,
4,VISIT,52,Nearest,OnArrival,2,6695,Node_609,-7,0,2,-7,2,,,,,,,
4,VISIT,51,Nearest,OnArrival,20,6710,Node_621,-7,0,7,-7,7,,,,,,,
4,VISIT,49,Nearest,OnArrival,53,6735,Node_626,-1,0,3,-1,3,,,,,,,
4,VISIT,48,Nearest,OnArrival,39,6741,Node_624,-1,0,4,-1,4,,,,,,,
4,VISIT,52,Nearest,OnArrival,3,6748,Node_605,-6,0,2,-6,2,,,,,,,
4,VISIT,51,Nearest,OnArrival,21,6762,Node_627,-7,0,8,-7,8,,,,,,,
4,VISIT,50,Nearest,OnArrival,24,6766,Node_621,-7,0,7,-7,7,,,,,,,
4,VISIT,49,Nearest,OnArrival,54,6786,Node_624,-1,0,4,-1,4,,,,,,,
4,VISIT,48,Nearest,OnArrival,40,6792,Node_626,-1,0,3,-1,3,,,,,,,
4,VISIT,51,Nearest,OnArrival,22,6816,Node_621,-7,0,7,-7,7,,,,,,,
4,VISIT,49,Nearest,OnArrival,55,6835,Node_626,-1,0,3,-1,3,,,,,,,
4,VISIT,52,Nearest,OnArrival,4,6848,Node_604,-6,0,0,-6,0,,,,,,,
4,VISIT,51,Nearest,OnArrival,23,6862,Node_628,-6,0,7,-6,7,,,,,,,
4,VISIT,50,Nearest,OnArrival,25,6866,Node_621,-7,0,7,-7,7,,,,,,,
4,VISIT,48,Nearest,OnArrival,41,6887,Node_615,-1,0,1,-1,1,,,,,,,
4,VISIT,52,Nearest,OnArrival,5,6894,Node_606,-5,0,0,-5,0,,,,,,,
4,VISIT,51,Nearest,OnArrival,24,6909,Node_621,-7,0,7,-7,7,,,,,,,
4,VISIT,50,Nearest,OnArrival,26,6913,Node_627,-7,0,8,-7,8,,,,,,,
4,VISIT,49,Nearest,OnArrival,56,6928,Node_615,-1,0,1,-1,1,,,,,,,
4,VISIT,51,Nearest,OnArrival,25,6950,Node_627,-7,0,8,-7,8,,,,,,,
4,VISIT,48,Nearest,OnArrival,42,6971,Node_626,-1,0,3,-1,3,,,,,,,
4,VISIT,49,Nearest,OnArrival,57,7021,Node_626,-1,0,3,-1,3,,,,,,,
4,VISIT,52,Nearest,OnArrival,6,7038,Node_608,-5,0,-3,-5,-3,,,,,,,
4,VISIT,51,Nearest,OnArrival,26,7114,Node_629,-10,0,8,-10,8,,,,,,,
4,VISIT,49,Nearest,OnArrival,58,7130,Node_630,1,0,3,1,3,,,,,,,
4,VISIT,52,Nearest,OnArrival,7,7148,Node_608,-5,0,-3,-5,-3,,,,,,,
4,VISIT,48,Nearest,OnArrival,43,7200,Node_626,-1,0,3,-1,3,,,,,,,
4,VISIT,50,Nearest,OnArrival,27,7238,Node_627,-7,0,8,-7,8,,,,,,,
4,VISIT,49,Nearest,OnArrival,59,7250,Node_626,-1,0,3,-1,3,,,,,,,
4,VISIT,52,Nearest,OnArrival,8,7268,Node_613,-3,0,-3,-3,-3,,,,,,,
4,VISIT,51,Nearest,OnArrival,27,7289,Node_627,-7,0,8,-7,8,,,,,,,
4,VISIT,50,Nearest,OnArrival,28,7293,Node_621,-7,0,7,-7,7,,,,,,,
4,VISIT,48,Nearest,OnArrival,44,7316,Node_615,-1,0,1,-1,1,,,,,,,
4,VISIT,51,Nearest,OnArrival,28,7349,Node_621,-7,0,7,-7,7,,,,,,,
4,VISIT,50,Nearest,OnArrival,29,7353,Node_628,-6,0,7,-6,7,,,,,,,
4,VISIT,49,Nearest,OnArrival,60,7365,Node_615,-1,0,1,-1,1,,,,,,,
4,VISIT,52,Nearest,OnArrival,9,7383,Node_608,-5,0,-3,-5,-3,,,,,,,
4,VISIT,51,Nearest,OnArrival,29,7404,Node_628,-6,0,7,-6,7,,,,,,,
4,VISIT,50,Nearest,OnArrival,30,7408,Node_625,-6,0,6,-6,6,,,,,,,
4,VISIT,49,Nearest,OnArrival,61,7419,Node_632,0,0,1,0,1,,,,,,,
4,VISIT,48,Nearest,OnArrival,45,7427,Node_615,-1,0,1,-1,1,,,,,,,
4,VISIT,52,Nearest,OnArrival,10,7437,Node_631,-6,0,-3,-6,-3,,,,,,,
4,VISIT,51,Nearest,OnArrival,30,7459,Node_625,-6,0,6,-6,6,,,,,,,
4,VISIT,50,Nearest,OnArrival,31,7463,Node_628,-6,0,7,-6,7,,,,,,,
4,VISIT,49,Nearest,OnArrival,62,7472,Node_615,-1,0,1,-1,1,,,,,,,
4,VISIT,48,Nearest,OnArrival,46,7480,Node_632,0,0,1,0,1,,,,,,,
4,VISIT,51,Nearest,OnArrival,31,7515,Node_628,-6,0,7,-6,7,,,,,,,
4,VISIT,49,Nearest,OnArrival,63,7530,Node_632,0,0,1,0,1,,,,,,,
4,VISIT,52,Nearest,OnArrival,11,7546,Node_596,-6,0,-5,-6,-5,,,,,,,
4,VISIT,51,Nearest,OnArrival,32,7567,Node_633,-5,0,7,-5,7,,,,,,,
4,VISIT,50,Nearest,OnArrival,32,7572,Node_628,-6,0,7,-6,7,,,,,,,
4,VISIT,49,Nearest,OnArrival,64,7582,Node_634,0,0,0,0,0,,,,,,,
4,VISIT,48,Nearest,OnArrival,47,7590,Node_632,0,0,1,0,1,,,,,,,
4,VISIT,51,Nearest,OnArrival,33,7624,Node_628,-6,0,7,-6,7,,,,,,,
4,VISIT,50,Nearest,OnArrival,33,7629,Node_625,-6,0,6,-6,6,,,,,,,
4,VISIT,49,Nearest,OnArrival,65,7639,Node_632,0,0,1,0,1,,,,,,,
4,VISIT,48,Nearest,OnArrival,48,7646,Node_634,0,0,0,0,0,,,,,,,
4,VISIT,52,Nearest,OnArrival,12,7655,Node_631,-6,0,-3,-6,-3,,,,,,,
4,VISIT,51,Nearest,OnArrival,34,7678,Node_625,-6,0,6,-6,6,,,,,,,
4,VISIT,53,Nearest,OnArrival,0,7687,Node_595,-10,0,-1,-10,-1,,,,,,,
4,VISIT,49,Nearest,OnArrival,66,7691,Node_634,0,0,0,0,0,,,,,,,
4,VISIT,52,Nearest,OnArrival,13,7708,Node_608,-5,0,-3,-5,-3,,,,,,,
4,VISIT,51,Nearest,OnArrival,35,7731,Node_635,-5,0,6,-5,6,,,,,,,
4,VISIT,50,Nearest,OnArrival,34,7736,Node_625,-6,0,6,-6,6,,,,,,,
4,VISIT,51,Nearest,OnArrival,36,7788,Node_625,-6,0,6,-6,6,,,,,,,
4,VISIT,50,Nearest,OnArrival,35,7793,Node_635,-5,0,6,-5,6,,,,,,,
4,VISIT,49,Nearest,OnArrival,67,7800,Node_636,0,0,-2,0,-2,,,,,,,
4,VISIT,52,Nearest,OnArrival,14,7815,Node_613,-3,0,-3,-3,-3,,,,,,,
4,VISIT,51,Nearest,OnArrival,37,7837,Node_635,-5,0,6,-5,6,,,,,,,
4,VISIT,50,Nearest,OnArrival,36,7843,Node_633,-5,0,7,-5,7,,,,,,,
4,VISIT,53,Nearest,OnArrival,1,7849,Node_597,-10,0,2,-10,2,,,,,,,
4,VISIT,48,Nearest,OnArrival,49,7859,Node_634,0,0,0,0,0,,,,,,,
4,VISIT,51,Nearest,OnArrival,38,7890,Node_633,-5,0,7,-5,7,,,,,,,
4,VISIT,50,Nearest,OnArrival,37,7897,Node_635,-5,0,6,-5,6,,,,,,,
4,VISIT,49,Nearest,OnArrival,68,7906,Node_634,0,0,0,0,0,,,,,,,
4,VISIT,52,Nearest,OnArrival,15,7921,Node_613,-3,0,-3,-3,-3,,,,,,,
4,VISIT,51,Nearest,OnArrival,39,7943,Node_635,-5,0,6,-5,6,,,,,,,
4,VISIT,52,Nearest,OnArrival,16,7976,Node_637,-2,0,-3,-2,-3,,,,,,,
4,VISIT,51,Nearest,OnArrival,40,8000,Node_638,-4,0,6,-4,6,,,,,,,
4,VISIT,50,Nearest,OnArrival,38,8006,Node_635,-5,0,6,-5,6,,,,,,,
4,VISIT,53,Nearest,OnArrival,2,8011,Node_609,-7,0,2,-7,2,,,,,,,
4,VISIT,51,Nearest,OnArrival,41,8055,Node_635,-5,0,6,-5,6,,,,,,,
4,VISIT,50,Nearest,OnArrival,39,8061,Node_633,-5,0,7,-5,7,,,,,,,
4,VISIT,49,Nearest,OnArrival,69,8071,Node_639,3,0,0,3,0,,,,,,,
4,VISIT,51,Nearest,OnArrival,42,8109,Node_633,-5,0,7,-5,7,,,,,,,
4,VISIT,53,Nearest,OnArrival,3,8120,Node_612,-7,0,4,-7,4,,,,,,,
4,VISIT,51,Nearest,OnArrival,43,8165,Node_641,-5,0,8,-5,8,,,,,,,
4,VISIT,50,Nearest,OnArrival,40,8171,Node_633,-5,0,7,-5,7,,,,,,,
4,VISIT,53,Nearest,OnArrival,4,8177,Node_617,-7,0,5,-7,5,,,,,,,
4,VISIT,48,Nearest,OnArrival,50,8186,Node_634,0,0,0,0,0,,,,,,,
4,VISIT,52,Nearest,OnArrival,17,8191,Node_637,-2,0,-3,-2,-3,,,,,,,
4,VISIT,51,Nearest,OnArrival,44,8214,Node_633,-5,0,7,-5,7,,,,,,,
4,VISIT,53,Nearest,OnArrival,5,8226,Node_620,-8,0,5,-8,5,,,,,,,
4,VISIT,49,Nearest,OnArrival,70,8230,Node_634,0,0,0,0,0,,,,,,,
4,VISIT,51,Nearest,OnArrival,45,8266,Node_642,-4,0,7,-4,7,,,,,,,
4,VISIT,50,Nearest,OnArrival,41,8271,Node_633,-5,0,7,-5,7,,,,,,,
4,VISIT,53,Nearest,OnArrival,6,8276,Node_623,-8,0,6,-8,6,,,,,,,
4,VISIT,48,Nearest,OnArrival,51,8288,Node_636,0,0,-2,0,-2,,,,,,,
4,VISIT,52,Nearest,OnArrival,18,8293,Node_637,-2,0,-3,-2,-3,,,,,,,
4,VISIT,51,Nearest,OnArrival,46,8316,Node_633,-5,0,7,-5,7,,,,,,,
4,VISIT,50,Nearest,OnArrival,42,8322,Node_641,-5,0,8,-5,8,,,,,,,
4,VISIT,53,Nearest,OnArrival,7,8328,Node_620,-8,0,5,-8,5,,,,,,,
4,VISIT,49,Nearest,OnArrival,71,8332,Node_636,0,0,-2,0,-2,,,,,,,
4,VISIT,52,Nearest,OnArrival,19,8343,Node_643,-1,0,-3,-1,-3,,,,,,,
4,VISIT,51,Nearest,OnArrival,47,8365,Node_641,-5,0,8,-5,8,,,,,,,
4,VISIT,49,Nearest,OnArrival,72,8383,Node_644,-1,0,-2,-1,-2,,,,,,,
4,VISIT,48,Nearest,OnArrival,52,8388,Node_636,0,0,-2,0,-2,,,,,,,
4,VISIT,52,Nearest,OnArrival,20,8392,Node_644,-1,0,-2,-1,-2,,,,,,,
4,VISIT,51,Nearest,OnArrival,48,8415,Node_645,-5,0,9,-5,9,,,,,,,
4,VISIT,50,Nearest,OnArrival,43,8422,Node_641,-5,0,8,-5,8,,,,,,,
4,VISIT,53,Nearest,OnArrival,8,8428,Node_620,-8,0,5,-8,5,,,,,,,
4,VISIT,49,Nearest,OnArrival,73,8433,Node_636,0,0,-2,0,-2,,,,,,,
4,VISIT,52,Nearest,OnArrival,21,8443,Node_643,-1,0,-3,-1,-3,,,,,,,
4,VISIT,51,Nearest,OnArrival,49,8465,Node_641,-5,0,8,-5,8,,,,,,,
4,VISIT,53,Nearest,OnArrival,9,8477,Node_623,-8,0,6,-8,6,,,,,,,
4,VISIT,49,Nearest,OnArrival,74,8482,Node_647,1,0,-2,1,-2,,,,,,,
4,VISIT,48,Nearest,OnArrival,53,8488,Node_636,0,0,-2,0,-2,,,,,,,
4,VISIT,52,Nearest,OnArrival,22,8492,Node_637,-2,0,-3,-2,-3,,,,,,,
4,VISIT,51,Nearest,OnArrival,50,8515,Node_648,-4,0,8,-4,8,,,,,,,
4,VISIT,50,Nearest,OnArrival,44,8521,Node_641,-5,0,8,-5,8,,,,,,,
4,VISIT,49,Nearest,OnArrival,75,8532,Node_636,0,0,-2,0,-2,,,,,,,
4,VISIT,48,Nearest,OnArrival,54,8538,Node_647,1,0,-2,1,-2,,,,,,,
4,VISIT,51,Nearest,OnArrival,51,8566,Node_641,-5,0,8,-5,8,,,,,,,
4,VISIT,50,Nearest,OnArrival,45,8572,Node_645,-5,0,9,-5,9,,,,,,,
4,VISIT,53,Nearest,OnArrival,10,8577,Node_623,-8,0,6,-8,6,,,,,,,
4,VISIT,49,Nearest,OnArrival,76,8582,Node_647,1,0,-2,1,-2,,,,,,,
4,VISIT,52,Nearest,OnArrival,23,8594,Node_640,-2,0,-5,-2,-5,,,,,,,
4,VISIT,51,Nearest,OnArrival,52,8616,Node_645,-5,0,9,-5,9,,,,,,,
4,VISIT,53,Nearest,OnArrival,11,8628,Node_649,-9,0,6,-9,6,,,,,,,
4,VISIT,51,Nearest,OnArrival,53,8670,Node_650,-4,0,9,-4,9,,,,,,,
4,VISIT,50,Nearest,OnArrival,46,8675,Node_645,-5,0,9,-5,9,,,,,,,
4,VISIT,53,Nearest,OnArrival,12,8681,Node_646,-9,0,5,-9,5,,,,,,,
4,VISIT,51,Nearest,OnArrival,54,8722,Node_645,-5,0,9,-5,9,,,,,,,
4,VISIT,50,Nearest,OnArrival,47,8726,Node_650,-4,0,9,-4,9,,,,,,,
4,VISIT,53,Nearest,OnArrival,13,8732,Node_649,-9,0,6,-9,6,,,,,,,
4,VISIT,49,Nearest,OnArrival,77,8736,Node_651,1,0,-5,1,-5,,,,,,,
4,VISIT,52,Nearest,OnArrival,24,8748,Node_651,1,0,-5,1,-5,,,,,,,
4,VISIT,51,Nearest,OnArrival,55,8771,Node_650,-4,0,9,-4,9,,,,,,,
4,VISIT,50,Nearest,OnArrival,48,8775,Node_648,-4,0,8,-4,8,,,,,,,
4,VISIT,51,Nearest,OnArrival,56,8824,Node_648,-4,0,8,-4,8,,,,,,,
4,VISIT,50,Nearest,OnArrival,49,8828,Node_650,-4,0,9,-4,9,,,,,,,
4,VISIT,53,Nearest,OnArrival,14,8834,Node_649,-9,0,6,-9,6,,,,,,,
4,VISIT,48,Nearest,OnArrival,55,8845,Node_647,1,0,-2,1,-2,,,,,,,
4,VISIT,51,Nearest,OnArrival,57,8875,Node_650,-4,0,9,-4,9,,,,,,,
4,VISIT,50,Nearest,OnArrival,50,8879,Node_648,-4,0,8,-4,8,,,,,,,
4,VISIT,53,Nearest,OnArrival,15,8885,Node_652,-10,0,6,-10,6,,,,,,,
4,VISIT,49,Nearest,OnArrival,78,8889,Node_647,1,0,-2,1,-2,,,,,,,
4,VISIT,52,Nearest,OnArrival,25,8896,Node_640,-2,0,-5,-2,-5,,,,,,,
4,VISIT,51,Nearest,OnArrival,58,8918,Node_648,-4,0,8,-4,8,,,,,,,
4,VISIT,50,Nearest,OnArrival,51,8922,Node_642,-4,0,7,-4,7,,,,,,,
4,VISIT,54,Nearest,OnArrival,0,8955,Node_595,-10,0,-1,-10,-1,,,,,,,
4,VISIT,51,Nearest,OnArrival,59,8968,Node_642,-4,0,7,-4,7,,,,,,,
4,VISIT,50,Nearest,OnArrival,52,8972,Node_648,-4,0,8,-4,8,,,,,,,
4,VISIT,53,Nearest,OnArrival,16,8979,Node_629,-10,0,8,-10,8,,,,,,,
4,VISIT,49,Nearest,OnArrival,79,8985,Node_653,3,0,-2,3,-2,,,,,,,
4,VISIT,51,Nearest,OnArrival,60,9021,Node_648,-4,0,8,-4,8,,,,,,,
4,VISIT,50,Nearest,OnArrival,53,9025,Node_642,-4,0,7,-4,7,,,,,,,
4,VISIT,48,Nearest,OnArrival,56,9046,Node_647,1,0,-2,1,-2,,,,,,,
4,VISIT,52,Nearest,OnArrival,26,9051,Node_651,1,0,-5,1,-5,,,,,,,
4,VISIT,51,Nearest,OnArrival,61,9074,Node_642,-4,0,7,-4,7,,,,,,,
4,VISIT,50,Nearest,OnArrival,54,9078,Node_638,-4,0,6,-4,6,,,,,,,
4,VISIT,53,Nearest,OnArrival,17,9084,Node_652,-10,0,6,-10,6,,,,,,,
4,VISIT,49,Nearest,OnArrival,80,9089,Node_647,1,0,-2,1,-2,,,,,,,
4,VISIT,54,Nearest,OnArrival,1,9108,Node_597,-10,0,2,-10,2,,,,,,,
4,VISIT,51,Nearest,OnArrival,62,9123,Node_638,-4,0,6,-4,6,,,,,,,
4,VISIT,50,Nearest,OnArrival,55,9127,Node_642,-4,0,7,-4,7,,,,,,,
4,VISIT,48,Nearest,OnArrival,57,9147,Node_653,3,0,-2,3,-2,,,,,,,
4,VISIT,51,Nearest,OnArrival,63,9177,Node_642,-4,0,7,-4,7,,,,,,,
4,VISIT,50,Nearest,OnArrival,56,9181,Node_638,-4,0,6,-4,6,,,,,,,
4,VISIT,53,Nearest,OnArrival,18,9187,Node_629,-10,0,8,-10,8,,,,,,,
4,VISIT,49,Nearest,OnArrival,81,9192,Node_653,3,0,-2,3,-2,,,,,,,
4,VISIT,51,Nearest,OnArrival,64,9228,Node_638,-4,0,6,-4,6,,,,,,,
4,VISIT,48,Nearest,OnArrival,58,9253,Node_639,3,0,0,3,0,,,,,,,
4,VISIT,54,Nearest,OnArrival,2,9263,Node_609,-7,0,2,-7,2,,,,,,,
4,VISIT,50,Nearest,OnArrival,57,9283,Node_622,-2,0,6,-2,6,,,,,,,
4,VISIT,53,Nearest,OnArrival,19,9289,Node_629,-10,0,8,-10,8,,,,,,,
4,VISIT,49,Nearest,OnArrival,82,9294,Node_639,3,0,0,3,0,,,,,,,
4,VISIT,51,Nearest,OnArrival,65,9329,Node_622,-2,0,6,-2,6,,,,,,,
4,VISIT,48,Nearest,OnArrival,59,9354,Node_653,3,0,-2,3,-2,,,,,,,
4,VISIT,54,Nearest,OnArrival,3,9367,Node_612,-7,0,4,-7,4,,,,,,,
4,VISIT,50,Nearest,OnArrival,58,9388,Node_638,-4,0,6,-4,6,,,,,,,
4,VISIT,49,Nearest,OnArrival,83,9401,Node_653,3,0,-2,3,-2,,,,,,,
4,VISIT,51,Nearest,OnArrival,66,9434,Node_638,-4,0,6,-4,6,,,,,,,
4,VISIT,53,Nearest,OnArrival,20,9444,Node_627,-7,0,8,-7,8,,,,,,,
4,VISIT,49,Nearest,OnArrival,84,9450,Node_656,4,0,-2,4,-2,,,,,,,
4,VISIT,48,Nearest,OnArrival,60,9454,Node_653,3,0,-2,3,-2,,,,,,,
4,VISIT,52,Nearest,OnArrival,27,9459,Node_651,1,0,-5,1,-5,,,,,,,
4,VISIT,50,Nearest,OnArrival,59,9488,Node_622,-2,0,6,-2,6,,,,,,,
4,VISIT,53,Nearest,OnArrival,21,9492,Node_621,-7,0,7,-7,7,,,,,,,
4,VISIT,49,Nearest,OnArrival,85,9499,Node_653,3,0,-2,3,-2,,,,,,,
4,VISIT,48,Nearest,OnArrival,61,9504,Node_656,4,0,-2,4,-2,,,,,,,
4,VISIT,51,Nearest,OnArrival,67,9534,Node_622,-2,0,6,-2,6,,,,,,,
4,VISIT,53,Nearest,OnArrival,22,9544,Node_618,-7,0,6,-7,6,,,,,,,
4,VISIT,49,Nearest,OnArrival,86,9549,Node_656,4,0,-2,4,-2,,,,,,,
4,VISIT,54,Nearest,OnArrival,4,9565,Node_616,-3,0,4,-3,4,,,,,,,
4,VISIT,51,Nearest,OnArrival,68,9579,Node_657,-2,0,7,-2,7,,,,,,,
4,VISIT,50,Nearest,OnArrival,60,9585,Node_622,-2,0,6,-2,6,,,,,,,
4,VISIT,53,Nearest,OnArrival,23,9591,Node_625,-6,0,6,-6,6,,,,,,,
4,VISIT,49,Nearest,OnArrival,87,9595,Node_658,4,0,-3,4,-3,,,,,,,
4,VISIT,48,Nearest,OnArrival,62,9600,Node_656,4,0,-2,4,-2,,,,,,,
4,VISIT,54,Nearest,OnArrival,5,9612,Node_619,-2,0,4,-2,4,,,,,,,
4,VISIT,51,Nearest,OnArrival,69,9628,Node_622,-2,0,6,-2,6,,,,,,,
4,VISIT,53,Nearest,OnArrival,24,9640,Node_635,-5,0,6,-5,6,,,,,,,
4,VISIT,49,Nearest,OnArrival,88,9644,Node_656,4,0,-2,4,-2,,,,,,,
4,VISIT,48,Nearest,OnArrival,63,9649,Node_658,4,0,-3,4,-3,,,,,,,
4,VISIT,52,Nearest,OnArrival,28,9655,Node_655,5,0,-5,5,-5,,,,,,,
4,VISIT,51,Nearest,OnArrival,70,9675,Node_659,-1,0,6,-1,6,,,,,,,
4,VISIT,50,Nearest,OnArrival,61,9680,Node_622,-2,0,6,-2,6,,,,,,,
4,VISIT,53,Nearest,OnArrival,25,9686,Node_638,-4,0,6,-4,6,,,,,,,
4,VISIT,49,Nearest,OnArrival,89,9690,Node_658,4,0,-3,4,-3,,,,,,,
4,VISIT,54,Nearest,OnArrival,6,9706,Node_622,-2,0,6,-2,6,,,,,,,
4,VISIT,51,Nearest,OnArrival,71,9722,Node_622,-2,0,6,-2,6,,,,,,,
4,VISIT,50,Nearest,OnArrival,62,9727,Node_657,-2,0,7,-2,7,,,,,,,
4,VISIT,49,Nearest,OnArrival,90,9739,Node_660,5,0,-3,5,-3,,,,,,,
4,VISIT,48,Nearest,OnArrival,64,9744,Node_658,4,0,-3,4,-3,,,,,,,
4,VISIT,52,Nearest,OnArrival,29,9751,Node_660,5,0,-3,5,-3,,,,,,,
4,VISIT,54,Nearest,OnArrival,7,9755,Node_657,-2,0,7,-2,7,,,,,,,
4,VISIT,51,Nearest,OnArrival,72,9771,Node_657,-2,0,7,-2,7,,,,,,,
4,VISIT,53,Nearest,OnArrival,26,9783,Node_622,-2,0,6,-2,6,,,,,,,
4,VISIT,49,Nearest,OnArrival,91,9787,Node_658,4,0,-3,4,-3,,,,,,,
4,VISIT,48,Nearest,OnArrival,65,9792,Node_660,5,0,-3,5,-3,,,,,,,
4,VISIT,54,Nearest,OnArrival,8,9804,Node_661,-2,0,8,-2,8,,,,,,,
4,VISIT,51,Nearest,OnArrival,73,9818,Node_661,-2,0,8,-2,8,,,,,,,
4,VISIT,50,Nearest,OnArrival,63,9822,Node_657,-2,0,7,-2,7,,,,,,,
4,VISIT,53,Nearest,OnArrival,27,9830,Node_657,-2,0,7,-2,7,,,,,,,
4,VISIT,49,Nearest,OnArrival,92,9834,Node_660,5,0,-3,5,-3,,,,,,,
4,VISIT,52,Nearest,OnArrival,30,9846,Node_655,5,0,-5,5,-5,,,,,,,
4,VISIT,54,Nearest,OnArrival,9,9850,Node_657,-2,0,7,-2,7,,,,,,,
4,VISIT,51,Nearest,OnArrival,74,9865,Node_657,-2,0,7,-2,7,,,,,,,
4,VISIT,53,Nearest,OnArrival,28,9877,Node_663,-1,0,7,-1,7,,,,,,,
4,VISIT,49,Nearest,OnArrival,93,9881,Node_662,6,0,-3,6,-3,,,,,,,
4,VISIT,48,Nearest,OnArrival,66,9885,Node_660,5,0,-3,5,-3,,,,,,,
4,VISIT,54,Nearest,OnArrival,10,9898,Node_663,-1,0,7,-1,7,,,,,,,
4,VISIT,51,Nearest,OnArrival,75,9912,Node_663,-1,0,7,-1,7,,,,,,,
4,VISIT,50,Nearest,OnArrival,64,9916,Node_657,-2,0,7,-2,7,,,,,,,
4,VISIT,53,Nearest,OnArrival,29,9924,Node_657,-2,0,7,-2,7,,,,,,,
4,VISIT,49,Nearest,OnArrival,94,9927,Node_660,5,0,-3,5,-3,,,,,,,
4,VISIT,48,Nearest,OnArrival,67,9931,Node_662,6,0,-3,6,-3,,,,,,,
4,VISIT,54,Nearest,OnArrival,11,9943,Node_657,-2,0,7,-2,7,,,,,,,
4,VISIT,51,Nearest,OnArrival,76,9957,Node_657,-2,0,7,-2,7,,,,,,,
4,VISIT,50,Nearest,OnArrival,65,9961,Node_661,-2,0,8,-2,8,,,,,,,
4,VISIT,53,Nearest,OnArrival,30,9973,Node_661,-2,0,8,-2,8,,,,,,,
4,VISIT,49,Nearest,OnArrival,95,9976,Node_662,6,0,-3,6,-3,,,,,,,
4,VISIT,54,Nearest,OnArrival,12,9990,Node_661,-2,0,8,-2,8,,,,,,,
4,VISIT,51,Nearest,OnArrival,77,10004,Node_661,-2,0,8,-2,8,,,,,,,
4,VISIT,53,Nearest,OnArrival,31,10020,Node_666,-1,0,8,-1,8,,,,,,,
4,VISIT,49,Nearest,OnArrival,96,10023,Node_664,6,0,-2,6,-2,,,,,,,
4,VISIT,48,Nearest,OnArrival,68,10026,Node_662,6,0,-3,6,-3,,,,,,,
4,VISIT,54,Nearest,OnArrival,13,10036,Node_666,-1,0,8,-1,8,,,,,,,
4,VISIT,51,Nearest,OnArrival,78,10050,Node_666,-1,0,8,-1,8,,,,,,,
4,VISIT,50,Nearest,OnArrival,66,10054,Node_661,-2,0,8,-2,8,,,,,,,
4,VISIT,53,Nearest,OnArrival,32,10067,Node_661,-2,0,8,-2,8,,,,,,,
4,VISIT,49,Nearest,OnArrival,97,10071,Node_662,6,0,-3,6,-3,,,,,,,
4,VISIT,48,Nearest,OnArrival,69,10074,Node_664,6,0,-2,6,-2,,,,,,,
4,VISIT,54,Nearest,OnArrival,14,10083,Node_661,-2,0,8,-2,8,,,,,,,
4,VISIT,51,Nearest,OnArrival,79,10097,Node_661,-2,0,8,-2,8,,,,,,,
4,VISIT,50,Nearest,OnArrival,67,10101,Node_666,-1,0,8,-1,8,,,,,,,
4,VISIT,53,Nearest,OnArrival,33,10114,Node_666,-1,0,8,-1,8,,,,,,,
4,VISIT,49,Nearest,OnArrival,98,10118,Node_664,6,0,-2,6,-2,,,,,,,
4,VISIT,52,Nearest,OnArrival,31,10126,Node_655,5,0,-5,5,-5,,,,,,,
4,VISIT,54,Nearest,OnArrival,15,10130,Node_666,-1,0,8,-1,8,,,,,,,
4,VISIT,51,Nearest,OnArrival,80,10144,Node_666,-1,0,8,-1,8,,,,,,,
4,VISIT,55,Nearest,OnArrival,0,10158,Node_595,-10,0,-1,-10,-1,,,,,,,
4,VISIT,53,Nearest,OnArrival,34,10160,Node_667,-1,0,9,-1,9,,,,,,,
4,VISIT,54,Nearest,OnArrival,16,10176,Node_667,-1,0,9,-1,9,,,,,,,
4,VISIT,51,Nearest,OnArrival,81,10190,Node_667,-1,0,9,-1,9,,,,,,,
4,VISIT,50,Nearest,OnArrival,68,10194,Node_666,-1,0,8,-1,8,,,,,,,
4,VISIT,53,Nearest,OnArrival,35,10206,Node_666,-1,0,8,-1,8,,,,,,,
4,VISIT,49,Nearest,OnArrival,99,10209,Node_668,8,0,-2,8,-2,,,,,,,
4,VISIT,54,Nearest,OnArrival,17,10220,Node_666,-1,0,8,-1,8,,,,,,,
4,VISIT,51,Nearest,OnArrival,82,10233,Node_666,-1,0,8,-1,8,,,,,,,
4,VISIT,50,Nearest,OnArrival,69,10238,Node_663,-1,0,7,-1,7,,,,,,,
4,VISIT,53,Nearest,OnArrival,36,10252,Node_663,-1,0,7,-1,7,,,,,,,
4,VISIT,48,Nearest,OnArrival,70,10260,Node_664,6,0,-2,6,-2,,,,,,,
4,VISIT,52,Nearest,OnArrival,32,10263,Node_665,8,0,-5,8,-5,,,,,,,
4,VISIT,54,Nearest,OnArrival,18,10266,Node_663,-1,0,7,-1,7,,,,,,,
4,VISIT,51,Nearest,OnArrival,83,10279,Node_663,-1,0,7,-1,7,,,,,,,
4,VISIT,50,Nearest,OnArrival,70,10285,Node_666,-1,0,8,-1,8,,,,,,,
4,VISIT,55,Nearest,OnArrival,1,10295,Node_597,-10,0,2,-10,2,,,,,,,
4,VISIT,53,Nearest,OnArrival,37,10299,Node_666,-1,0,8,-1,8,,,,,,,
4,VISIT,49,Nearest,OnArrival,100,10303,Node_664,6,0,-2,6,-2,,,,,,,
4,VISIT,54,Nearest,OnArrival,19,10314,Node_666,-1,0,8,-1,8,,,,,,,
4,VISIT,51,Nearest,OnArrival,84,10327,Node_666,-1,0,8,-1,8,,,,,,,
4,VISIT,50,Nearest,OnArrival,71,10333,Node_667,-1,0,9,-1,9,,,,,,,
4,VISIT,53,Nearest,OnArrival,38,10349,Node_667,-1,0,9,-1,9,,,,,,,
4,VISIT,48,Nearest,OnArrival,71,10357,Node_668,8,0,-2,8,-2,,,,,,,
4,VISIT,54,Nearest,OnArrival,20,10364,Node_667,-1,0,9,-1,9,,,,,,,
4,VISIT,51,Nearest,OnArrival,85,10376,Node_667,-1,0,9,-1,9,,,,,,,
4,VISIT,49,Nearest,OnArrival,101,10403,Node_668,8,0,-2,8,-2,,,,,,,
4,VISIT,52,Nearest,OnArrival,33,10411,Node_668,8,0,-2,8,-2,,,,,,,
4,VISIT,55,Nearest,OnArrival,2,10441,Node_609,-7,0,2,-7,2,,,,,,,
4,VISIT,53,Nearest,OnArrival,39,10446,Node_670,1,0,9,1,9,,,,,,,
4,VISIT,49,Nearest,OnArrival,102,10449,Node_669,8,0,-1,8,-1,,,,,,,
4,VISIT,48,Nearest,OnArrival,72,10452,Node_668,8,0,-2,8,-2,,,,,,,
4,VISIT,54,Nearest,OnArrival,21,10459,Node_670,1,0,9,1,9,,,,,,,
4,VISIT,51,Nearest,OnArrival,86,10469,Node_670,1,0,9,1,9,,,,,,,
4,VISIT,49,Nearest,OnArrival,103,10497,Node_668,8,0,-2,8,-2,,,,,,,
4,VISIT,48,Nearest,OnArrival,73,10501,Node_669,8,0,-1,8,-1,,,,,,,
4,VISIT,50,Nearest,OnArrival,72,10525,Node_667,-1,0,9,-1,9,,,,,,,
4,VISIT,55,Nearest,OnArrival,3,10536,Node_612,-7,0,4,-7,4,,,,,,,
4,VISIT,53,Nearest,OnArrival,40,10543,Node_667,-1,0,9,-1,9,,,,,,,
4,VISIT,49,Nearest,OnArrival,104,10547,Node_669,8,0,-1,8,-1,,,,,,,
4,VISIT,52,Nearest,OnArrival,34,10554,Node_665,8,0,-5,8,-5,,,,,,,
4,VISIT,54,Nearest,OnArrival,22,10557,Node_667,-1,0,9,-1,9,,,,,,,
4,VISIT,51,Nearest,OnArrival,87,10565,Node_667,-1,0,9,-1,9,,,,,,,
4,VISIT,50,Nearest,OnArrival,73,10619,Node_670,1,0,9,1,9,,,,,,,
4,VISIT,53,Nearest,OnArrival,41,10636,Node_670,1,0,9,1,9,,,,,,,
4,VISIT,49,Nearest,OnArrival,105,10640,Node_671,10,0,-1,10,-1,,,,,,,
4,VISIT,54,Nearest,OnArrival,23,10652,Node_670,1,0,9,1,9,,,,,,,
4,VISIT,51,Nearest,OnArrival,88,10660,Node_670,1,0,9,1,9,,,,,,,
4,VISIT,53,Nearest,OnArrival,42,10683,Node_673,1,0,8,1,8,,,,,,,
4,VISIT,48,Nearest,OnArrival,74,10691,Node_669,8,0,-1,8,-1,,,,,,,
4,VISIT,54,Nearest,OnArrival,24,10698,Node_673,1,0,8,1,8,,,,,,,
4,VISIT,51,Nearest,OnArrival,89,10707,Node_673,1,0,8,1,8,,,,,,,
4,VISIT,50,Nearest,OnArrival,74,10711,Node_670,1,0,9,1,9,,,,,,,
4,VISIT,55,Nearest,OnArrival,4,10719,Node_616,-3,0,4,-3,4,,,,,,,
4,VISIT,53,Nearest,OnArrival,43,10729,Node_670,1,0,9,1,9,,,,,,,
4,VISIT,49,Nearest,OnArrival,106,10733,Node_669,8,0,-1,8,-1,,,,,,,
4,VISIT,52,Nearest,OnArrival,35,10740,Node_665,8,0,-5,8,-5,,,,,,,
4,VISIT,54,Nearest,OnArrival,25,10744,Node_670,1,0,9,1,9,,,,,,,
4,VISIT,51,Nearest,OnArrival,90,10751,Node_670,1,0,9,1,9,,,,,,,
4,VISIT,55,Nearest,OnArrival,5,10762,Node_619,-2,0,4,-2,4,,,,,,,
4,VISIT,53,Nearest,OnArrival,44,10772,Node_674,2,0,9,2,9,,,,,,,
4,VISIT,48,Nearest,OnArrival,75,10781,Node_671,10,0,-1,10,-1,,,,,,,
4,VISIT,54,Nearest,OnArrival,26,10788,Node_674,2,0,9,2,9,,,,,,,
4,VISIT,51,Nearest,OnArrival,91,10795,Node_674,2,0,9,2,9,,,,,,,
4,VISIT,50,Nearest,OnArrival,75,10799,Node_670,1,0,9,1,9,,,,,,,
4,VISIT,53,Nearest,OnArrival,45,10817,Node_670,1,0,9,1,9,,,,,,,
4,VISIT,49,Nearest,OnArrival,107,10821,Node_671,10,0,-1,10,-1,,,,,,,
4,VISIT,52,Nearest,OnArrival,36,10829,Node_672,10,0,-5,10,-5,,,,,,,
4,VISIT,54,Nearest,OnArrival,27,10833,Node_670,1,0,9,1,9,,,,,,,
4,VISIT,51,Nearest,OnArrival,92,10839,Node_670,1,0,9,1,9,,,,,,,
4,VISIT,50,Nearest,OnArrival,76,10843,Node_673,1,0,8,1,8,,,,,,,
4,VISIT,55,Nearest,OnArrival,6,10849,Node_622,-2,0,6,-2,6,,,,,,,
4,VISIT,53,Nearest,OnArrival,46,10856,Node_673,1,0,8,1,8,,,,,,,
4,VISIT,49,Nearest,OnArrival,108,10860,Node_675,10,0,0,10,0,,,,,,,
4,VISIT,48,Nearest,OnArrival,76,10865,Node_671,10,0,-1,10,-1,,,,,,,
4,VISIT,54,Nearest,OnArrival,28,10873,Node_673,1,0,8,1,8,,,,,,,
4,VISIT,51,Nearest,OnArrival,93,10878,Node_673,1,0,8,1,8,,,,,,,
4,VISIT,55,Nearest,OnArrival,7,10891,Node_659,-1,0,6,-1,6,,,,,,,
4,VISIT,53,Nearest,OnArrival,47,10898,Node_677,2,0,8,2,8,,,,,,,
4,VISIT,49,Nearest,OnArrival,109,10902,Node_671,10,0,-1,10,-1,,,,,,,
4,VISIT,52,Nearest,OnArrival,37,10911,Node_672,10,0,-5,10,-5,,,,,,,
4,VISIT,54,Nearest,OnArrival,29,10915,Node_677,2,0,8,2,8,,,,,,,
4,VISIT,51,Nearest,OnArrival,94,10919,Node_677,2,0,8,2,8,,,,,,,
4,VISIT,50,Nearest,OnArrival,77,10923,Node_673,1,0,8,1,8,,,,,,,
4,VISIT,55,Nearest,OnArrival,8,10933,Node_663,-1,0,7,-1,7,,,,,,,
4,VISIT,53,Nearest,OnArrival,48,10939,Node_673,1,0,8,1,8,,,,,,,
4,VISIT,49,Nearest,OnArrival,110,10943,Node_678,10,0,-2,10,-2,,,,,,,
4,VISIT,48,Nearest,OnArrival,77,10949,Node_671,10,0,-1,10,-1,,,,,,,
4,VISIT,54,Nearest,OnArrival,30,10957,Node_673,1,0,8,1,8,,,,,,,
4,VISIT,51,Nearest,OnArrival,95,10961,Node_673,1,0,8,1,8,,,,,,,
4,VISIT,50,Nearest,OnArrival,78,10965,Node_677,2,0,8,2,8,,,,,,,
4,VISIT,55,Nearest,OnArrival,9,10973,Node_659,-1,0,6,-1,6,,,,,,,
4,VISIT,53,Nearest,OnArrival,49,10980,Node_677,2,0,8,2,8,,,,,,,
4,VISIT,49,Nearest,OnArrival,111,10984,Node_671,10,0,-1,10,-1,,,,,,,
4,VISIT,52,Nearest,OnArrival,38,10994,Node_672,10,0,-5,10,-5,,,,,,,
4,VISIT,54,Nearest,OnArrival,31,10998,Node_677,2,0,8,2,8,,,,,,,
4,VISIT,51,Nearest,OnArrival,96,11002,Node_677,2,0,8,2,8,,,,,,,
4,VISIT,50,Nearest,OnArrival,79,11006,Node_674,2,0,9,2,9,,,,,,,
4,VISIT,53,Nearest,OnArrival,50,11023,Node_674,2,0,9,2,9,,,,,,,
4,VISIT,49,Nearest,OnArrival,112,11027,Node_680,11,0,-1,11,-1,,,,,,,
4,VISIT,48,Nearest,OnArrival,78,11033,Node_671,10,0,-1,10,-1,,,,,,,
4,VISIT,52,Nearest,OnArrival,39,11037,Node_676,10,0,-4,10,-4,,,,,,,
4,VISIT,54,Nearest,OnArrival,32,11042,Node_674,2,0,9,2,9,,,,,,,
4,VISIT,51,Nearest,OnArrival,97,11046,Node_674,2,0,9,2,9,,,,,,,
4,VISIT,50,Nearest,OnArrival,80,11050,Node_677,2,0,8,2,8,,,,,,,
4,VISIT,53,Nearest,OnArrival,51,11066,Node_677,2,0,8,2,8,,,,,,,
4,VISIT,49,Nearest,OnArrival,113,11070,Node_671,10,0,-1,10,-1,,,,,,,
4,VISIT,48,Nearest,OnArrival,79,11076,Node_675,10,0,0,10,0,,,,,,,
4,VISIT,54,Nearest,OnArrival,33,11085,Node_677,2,0,8,2,8,,,,,,,
4,VISIT,51,Nearest,OnArrival,98,11089,Node_677,2,0,8,2,8,,,,,,,
4,VISIT,53,Nearest,OnArrival,52,11107,Node_682,2,0,7,2,7,,,,,,,
4,VISIT,49,Nearest,OnArrival,114,11112,Node_675,10,0,0,10,0,,,,,,,
4,VISIT,52,Nearest,OnArrival,40,11122,Node_676,10,0,-4,10,-4,,,,,,,
4,VISIT,54,Nearest,OnArrival,34,11127,Node_682,2,0,7,2,7,,,,,,,
4,VISIT,51,Nearest,OnArrival,99,11131,Node_682,2,0,7,2,7,,,,,,,
4,VISIT,50,Nearest,OnArrival,81,11135,Node_677,2,0,8,2,8,,,,,,,
4,VISIT,53,Nearest,OnArrival,53,11149,Node_677,2,0,8,2,8,,,,,,,
4,VISIT,49,Nearest,OnArrival,115,11153,Node_684,10,0,1,10,1,,,,,,,
4,VISIT,48,Nearest,OnArrival,80,11158,Node_675,10,0,0,10,0,,,,,,,
4,VISIT,54,Nearest,OnArrival,35,11168,Node_677,2,0,8,2,8,,,,,,,
4,VISIT,51,Nearest,OnArrival,100,11172,Node_677,2,0,8,2,8,,,,,,,
4,VISIT,50,Nearest,OnArrival,82,11176,Node_674,2,0,9,2,9,,,,,,,
4,VISIT,53,Nearest,OnArrival,54,11189,Node_674,2,0,9,2,9,,,,,,,
4,VISIT,49,Nearest,OnArrival,116,11193,Node_675,10,0,0,10,0,,,,,,,
4,VISIT,52,Nearest,OnArrival,41,11203,Node_676,10,0,-4,10,-4,,,,,,,
4,VISIT,54,Nearest,OnArrival,36,11207,Node_674,2,0,9,2,9,,,,,,,
4,VISIT,51,Nearest,OnArrival,101,11209,Node_674,2,0,9,2,9,,,,,,,
4,VISIT,55,Nearest,OnArrival,10,11216,Node_659,-1,0,6,-1,6,,,,,,,
4,VISIT,53,Nearest,OnArrival,55,11223,Node_687,3,0,9,3,9,,,,,,,
4,VISIT,49,Nearest,OnArrival,117,11227,Node_686,11,0,0,11,0,,,,,,,
4,VISIT,48,Nearest,OnArrival,81,11234,Node_675,10,0,0,10,0,,,,,,,
4,VISIT,52,Nearest,OnArrival,42,11240,Node_681,10,0,-3,10,-3,,,,,,,
4,VISIT,56,Nearest,OnArrival,0,11240,Node_595,-10,0,-1,-10,-1,,,,,,,
4,VISIT,54,Nearest,OnArrival,37,11244,Node_687,3,0,9,3,9,,,,,,,
4,VISIT,51,Nearest,OnArrival,102,11247,Node_687,3,0,9,3,9,,,,,,,
4,VISIT,50,Nearest,OnArrival,83,11251,Node_674,2,0,9,2,9,,,,,,,
4,VISIT,53,Nearest,OnArrival,56,11263,Node_674,2,0,9,2,9,,,,,,,
4,VISIT,49,Nearest,OnArrival,118,11267,Node_675,10,0,0,10,0,,,,,,,
4,VISIT,48,Nearest,OnArrival,82,11273,Node_684,10,0,1,10,1,,,,,,,
4,VISIT,52,Nearest,OnArrival,43,11279,Node_678,10,0,-2,10,-2,,,,,,,
4,VISIT,54,Nearest,OnArrival,38,11285,Node_674,2,0,9,2,9,,,,,,,
4,VISIT,51,Nearest,OnArrival,103,11289,Node_674,2,0,9,2,9,,,,,,,
4,VISIT,50,Nearest,OnArrival,84,11293,Node_677,2,0,8,2,8,,,,,,,
4,VISIT,53,Nearest,OnArrival,57,11305,Node_677,2,0,8,2,8,,,,,,,
4,VISIT,49,Nearest,OnArrival,119,11309,Node_684,10,0,1,10,1,,,,,,,
4,VISIT,52,Nearest,OnArrival,44,11323,Node_681,10,0,-3,10,-3,,,,,,,
4,VISIT,54,Nearest,OnArrival,39,11328,Node_677,2,0,8,2,8,,,,,,,
4,VISIT,51,Nearest,OnArrival,104,11332,Node_677,2,0,8,2,8,,,,,,,
4,VISIT,50,Nearest,OnArrival,85,11336,Node_682,2,0,7,2,7,,,,,,,
4,VISIT,55,Nearest,OnArrival,11,11340,Node_683,2,0,6,2,6,,,,,,,
4,VISIT,53,Nearest,OnArrival,58,11346,Node_682,2,0,7,2,7,,,,,,,
4,VISIT,49,Nearest,OnArrival,120,11350,Node_688,10,0,2,10,2,,,,,,,
4,VISIT,48,Nearest,OnArrival,83,11355,Node_684,10,0,1,10,1,,,,,,,
4,VISIT,56,Nearest,OnArrival,1,11362,Node_597,-10,0,2,-10,2,,,,,,,
4,VISIT,54,Nearest,OnArrival,40,11366,Node_682,2,0,7,2,7,,,,,,,
4,VISIT,51,Nearest,OnArrival,105,11370,Node_682,2,0,7,2,7,,,,,,,
4,VISIT,50,Nearest,OnArrival,86,11375,Node_683,2,0,6,2,6,,,,,,,
4,VISIT,55,Nearest,OnArrival,12,11379,Node_682,2,0,7,2,7,,,,,,,
4,VISIT,53,Nearest,OnArrival,59,11386,Node_683,2,0,6,2,6,,,,,,,
4,VISIT,49,Nearest,OnArrival,121,11391,Node_684,10,0,1,10,1,,,,,,,
4,VISIT,52,Nearest,OnArrival,45,11401,Node_681,10,0,-3,10,-3,,,,,,,
4,VISIT,54,Nearest,OnArrival,41,11406,Node_683,2,0,6,2,6,,,,,,,
4,VISIT,51,Nearest,OnArrival,106,11410,Node_683,2,0,6,2,6,,,,,,,
4,VISIT,50,Nearest,OnArrival,87,11414,Node_682,2,0,7,2,7,,,,,,,
4,VISIT,55,Nearest,OnArrival,13,11418,Node_683,2,0,6,2,6,,,,,,,
4,VISIT,53,Nearest,OnArrival,60,11424,Node_682,2,0,7,2,7,,,,,,,
4,VISIT,49,Nearest,OnArrival,122,11430,Node_690,11,0,1,11,1,,,,,,,
4,VISIT,48,Nearest,OnArrival,84,11434,Node_684,10,0,1,10,1,,,,,,,
4,VISIT,52,Nearest,OnArrival,46,11440,Node_678,10,0,-2,10,-2,,,,,,,
4,VISIT,54,Nearest,OnArrival,42,11445,Node_682,2,0,7,2,7,,,,,,,
4,VISIT,51,Nearest,OnArrival,107,11449,Node_682,2,0,7,2,7,,,,,,,
4,VISIT,53,Nearest,OnArrival,61,11465,Node_691,3,0,7,3,7,,,,,,,
4,VISIT,49,Nearest,OnArrival,123,11471,Node_684,10,0,1,10,1,,,,,,,
4,VISIT,48,Nearest,OnArrival,85,11475,Node_688,10,0,2,10,2,,,,,,,
4,VISIT,56,Nearest,OnArrival,2,11482,Node_609,-7,0,2,-7,2,,,,,,,
4,VISIT,54,Nearest,OnArrival,43,11486,Node_691,3,0,7,3,7,,,,,,,
4,VISIT,51,Nearest,OnArrival,108,11490,Node_691,3,0,7,3,7,,,,,,,
4,VISIT,50,Nearest,OnArrival,88,11493,Node_682,2,0,7,2,7,,,,,,,
4,VISIT,55,Nearest,OnArrival,14,11497,Node_683,2,0,6,2,6,,,,,,,
4,VISIT,53,Nearest,OnArrival,62,11504,Node_682,2,0,7,2,7,,,,,,,
4,VISIT,49,Nearest,OnArrival,124,11510,Node_688,10,0,2,10,2,,,,,,,
4,VISIT,52,Nearest,OnArrival,47,11521,Node_678,10,0,-2,10,-2,,,,,,,
4,VISIT,54,Nearest,OnArrival,44,11526,Node_682,2,0,7,2,7,,,,,,,
4,VISIT,51,Nearest,OnArrival,109,11530,Node_682,2,0,7,2,7,,,,,,,
4,VISIT,50,Nearest,OnArrival,89,11534,Node_691,3,0,7,3,7,,,,,,,
4,VISIT,55,Nearest,OnArrival,15,11538,Node_692,3,0,6,3,6,,,,,,,
4,VISIT,53,Nearest,OnArrival,63,11542,Node_691,3,0,7,3,7,,,,,,,
4,VISIT,49,Nearest,OnArrival,125,11547,Node_694,10,0,3,10,3,,,,,,,
4,VISIT,48,Nearest,OnArrival,86,11549,Node_688,10,0,2,10,2,,,,,,,
4,VISIT,52,Nearest,OnArrival,48,11553,Node_693,11,0,-2,11,-2,,,,,,,
4,VISIT,56,Nearest,OnArrival,3,11553,Node_612,-7,0,4,-7,4,,,,,,,
4,VISIT,54,Nearest,OnArrival,45,11556,Node_691,3,0,7,3,7,,,,,,,
4,VISIT,51,Nearest,OnArrival,110,11557,Node_691,3,0,7,3,7,,,,,,,
4,VISIT,50,Nearest,OnArrival,90,11558,Node_692,3,0,6,3,6,,,,,,,
4,VISIT,55,Nearest,OnArrival,16,11562,Node_691,3,0,7,3,7,,,,,,,
4,VISIT,53,Nearest,OnArrival,64,11566,Node_692,3,0,6,3,6,,,,,,,
4,VISIT,49,Nearest,OnArrival,126,11576,Node_688,10,0,2,10,2,,,,,,,
4,VISIT,52,Nearest,OnArrival,49,11589,Node_680,11,0,-1,11,-1,,,,,,,
4,VISIT,54,Nearest,OnArrival,46,11598,Node_692,3,0,6,3,6,,,,,,,
4,VISIT,51,Nearest,OnArrival,111,11600,Node_692,3,0,6,3,6,,,,,,,
4,VISIT,50,Nearest,OnArrival,91,11602,Node_691,3,0,7,3,7,,,,,,,
4,VISIT,55,Nearest,OnArrival,17,11604,Node_692,3,0,6,3,6,,,,,,,
4,VISIT,53,Nearest,OnArrival,65,11608,Node_691,3,0,7,3,7,,,,,,,
4,VISIT,52,Nearest,OnArrival,50,11630,Node_693,11,0,-2,11,-2,,,,,,,
4,VISIT,54,Nearest,OnArrival,47,11639,Node_691,3,0,7,3,7,,,,,,,
4,VISIT,51,Nearest,OnArrival,112,11641,Node_691,3,0,7,3,7,,,,,,,
4,VISIT,50,Nearest,OnArrival,92,11643,Node_692,3,0,6,3,6,,,,,,,
4,VISIT,53,Nearest,OnArrival,66,11648,Node_692,3,0,6,3,6,,,,,,,
4,VISIT,49,Nearest,OnArrival,127,11658,Node_695,8,0,2,8,2,,,,,,,
4,VISIT,52,Nearest,OnArrival,51,11672,Node_689,11,0,-3,11,-3,,,,,,,
4,VISIT,54,Nearest,OnArrival,48,11681,Node_692,3,0,6,3,6,,,,,,,
4,VISIT,51,Nearest,OnArrival,113,11684,Node_692,3,0,6,3,6,,,,,,,
4,VISIT,48,Nearest,OnArrival,87,11708,Node_688,10,0,2,10,2,,,,,,,
4,VISIT,52,Nearest,OnArrival,52,11716,Node_693,11,0,-2,11,-2,,,,,,,
4,VISIT,56,Nearest,OnArrival,4,11716,Node_616,-3,0,4,-3,4,,,,,,,
4,VISIT,50,Nearest,OnArrival,93,11732,Node_696,5,0,6,5,6,,,,,,,
4,VISIT,53,Nearest,OnArrival,67,11738,Node_696,5,0,6,5,6,,,,,,,
4,VISIT,49,Nearest,OnArrival,128,11746,Node_688,10,0,2,10,2,,,,,,,
4,VISIT,52,Nearest,OnArrival,53,11759,Node_680,11,0,-1,11,-1,,,,,,,
4,VISIT,56,Nearest,OnArrival,5,11759,Node_619,-2,0,4,-2,4,,,,,,,
4,VISIT,54,Nearest,OnArrival,49,11767,Node_696,5,0,6,5,6,,,,,,,
4,VISIT,51,Nearest,OnArrival,114,11771,Node_696,5,0,6,5,6,,,,,,,
4,VISIT,55,Nearest,OnArrival,18,11776,Node_692,3,0,6,3,6,,,,,,,
4,VISIT,49,Nearest,OnArrival,129,11788,Node_697,11,0,2,11,2,,,,,,,
4,VISIT,48,Nearest,OnArrival,88,11792,Node_688,10,0,2,10,2,,,,,,,
4,VISIT,52,Nearest,OnArrival,54,11800,Node_686,11,0,0,11,0,,,,,,,
4,VISIT,56,Nearest,OnArrival,6,11800,Node_624,-1,0,4,-1,4,,,,,,,
4,VISIT,50,Nearest,OnArrival,94,11819,Node_692,3,0,6,3,6,,,,,,,
4,VISIT,53,Nearest,OnArrival,68,11825,Node_692,3,0,6,3,6,,,,,,,
4,VISIT,49,Nearest,OnArrival,130,11832,Node_688,10,0,2,10,2,,,,,,,
4,VISIT,48,Nearest,OnArrival,89,11836,Node_694,10,0,3,10,3,,,,,,,
4,VISIT,52,Nearest,OnArrival,55,11843,Node_680,11,0,-1,11,-1,,,,,,,
4,VISIT,56,Nearest,OnArrival,7,11843,Node_626,-1,0,3,-1,3,,,,,,,
4,VISIT,54,Nearest,OnArrival,50,11852,Node_692,3,0,6,3,6,,,,,,,
4,VISIT,51,Nearest,OnArrival,115,11856,Node_692,3,0,6,3,6,,,,,,,
4,VISIT,55,Nearest,OnArrival,19,11863,Node_696,5,0,6,5,6,,,,,,,
4,VISIT,49,Nearest,OnArrival,131,11875,Node_694,10,0,3,10,3,,,,,,,
4,VISIT,50,Nearest,OnArrival,95,11905,Node_696,5,0,6,5,6,,,,,,,
4,VISIT,53,Nearest,OnArrival,69,11912,Node_696,5,0,6,5,6,,,,,,,
4,VISIT,49,Nearest,OnArrival,132,11919,Node_698,10,0,4,10,4,,,,,,,
4,VISIT,48,Nearest,OnArrival,90,11923,Node_694,10,0,3,10,3,,,,,,,
4,VISIT,52,Nearest,OnArrival,56,11930,Node_680,11,0,-1,11,-1,,,,,,,
4,VISIT,56,Nearest,OnArrival,8,11930,Node_630,1,0,3,1,3,,,,,,,
4,VISIT,54,Nearest,OnArrival,51,11937,Node_696,5,0,6,5,6,,,,,,,
4,VISIT,51,Nearest,OnArrival,116,11941,Node_696,5,0,6,5,6,,,,,,,
4,VISIT,49,Nearest,OnArrival,133,11961,Node_694,10,0,3,10,3,,,,,,,
4,VISIT,52,Nearest,OnArrival,57,11972,Node_686,11,0,0,11,0,,,,,,,
4,VISIT,49,Nearest,OnArrival,134,12005,Node_700,11,0,3,11,3,,,,,,,
4,VISIT,48,Nearest,OnArrival,91,12009,Node_694,10,0,3,10,3,,,,,,,
4,VISIT,52,Nearest,OnArrival,58,12016,Node_690,11,0,1,11,1,,,,,,,
4,VISIT,56,Nearest,OnArrival,9,12016,Node_630,1,0,3,1,3,,,,,,,
4,VISIT,50,Nearest,OnArrival,96,12034,Node_702,5,0,9,5,9,,,,,,,
4,VISIT,53,Nearest,OnArrival,70,12042,Node_702,5,0,9,5,9,,,,,,,
4,VISIT,49,Nearest,OnArrival,135,12047,Node_694,10,0,3,10,3,,,,,,,
4,VISIT,48,Nearest,OnArrival,92,12051,Node_698,10,0,4,10,4,,,,,,,
4,VISIT,52,Nearest,OnArrival,59,12058,Node_686,11,0,0,11,0,,,,,,,
4,VISIT,56,Nearest,OnArrival,10,12058,Node_701,1,0,4,1,4,,,,,,,
4,VISIT,54,Nearest,OnArrival,52,12065,Node_702,5,0,9,5,9,,,,,,,
4,VISIT,51,Nearest,OnArrival,117,12069,Node_702,5,0,9,5,9,,,,,,,
4,VISIT,49,Nearest,OnArrival,136,12090,Node_698,10,0,4,10,4,,,,,,,
4,VISIT,55,Nearest,OnArrival,20,12122,Node_696,5,0,6,5,6,,,,,,,
4,VISIT,49,Nearest,OnArrival,137,12134,Node_703,10,0,5,10,5,,,,,,,
4,VISIT,48,Nearest,OnArrival,93,12138,Node_698,10,0,4,10,4,,,,,,,
4,VISIT,52,Nearest,OnArrival,60,12143,Node_686,11,0,0,11,0,,,,,,,
4,VISIT,50,Nearest,OnArrival,97,12159,Node_696,5,0,6,5,6,,,,,,,
4,VISIT,53,Nearest,OnArrival,71,12167,Node_696,5,0,6,5,6,,,,,,,
4,VISIT,49,Nearest,OnArrival,138,12173,Node_698,10,0,4,10,4,,,,,,,
4,VISIT,52,Nearest,OnArrival,61,12183,Node_690,11,0,1,11,1,,,,,,,
4,VISIT,54,Nearest,OnArrival,53,12189,Node_696,5,0,6,5,6,,,,,,,
4,VISIT,51,Nearest,OnArrival,118,12194,Node_696,5,0,6,5,6,,,,,,,
4,VISIT,50,Nearest,OnArrival,98,12198,Node_706,5,0,5,5,5,,,,,,,
4,VISIT,55,Nearest,OnArrival,21,12202,Node_696,5,0,6,5,6,,,,,,,
4,VISIT,49,Nearest,OnArrival,139,12212,Node_707,11,0,4,11,4,,,,,,,
4,VISIT,48,Nearest,OnArrival,94,12215,Node_698,10,0,4,10,4,,,,,,,
4,VISIT,52,Nearest,OnArrival,62,12221,Node_697,11,0,2,11,2,,,,,,,
4,VISIT,56,Nearest,OnArrival,11,12221,Node_701,1,0,4,1,4,,,,,,,
4,VISIT,57,Nearest,OnArrival,0,12225,Node_595,-10,0,-1,-10,-1,,,,,,,
4,VISIT,54,Nearest,OnArrival,54,12226,Node_708,6,0,6,6,6,,,,,,,
4,VISIT,51,Nearest,OnArrival,119,12230,Node_708,6,0,6,6,6,,,,,,,
4,VISIT,50,Nearest,OnArrival,99,12234,Node_696,5,0,6,5,6,,,,,,,
4,VISIT,55,Nearest,OnArrival,22,12238,Node_708,6,0,6,6,6,,,,,,,
4,VISIT,53,Nearest,OnArrival,72,12242,Node_696,5,0,6,5,6,,,,,,,
4,VISIT,49,Nearest,OnArrival,140,12248,Node_698,10,0,4,10,4,,,,,,,
4,VISIT,48,Nearest,OnArrival,95,12252,Node_703,10,0,5,10,5,,,,,,,
4,VISIT,52,Nearest,OnArrival,63,12257,Node_690,11,0,1,11,1,,,,,,,
4,VISIT,54,Nearest,OnArrival,55,12265,Node_696,5,0,6,5,6,,,,,,,
4,VISIT,51,Nearest,OnArrival,120,12269,Node_696,5,0,6,5,6,,,,,,,
4,VISIT,50,Nearest,OnArrival,100,12273,Node_706,5,0,5,5,5,,,,,,,
4,VISIT,55,Nearest,OnArrival,23,12277,Node_696,5,0,6,5,6,,,,,,,
4,VISIT,53,Nearest,OnArrival,73,12281,Node_706,5,0,5,5,5,,,,,,,
4,VISIT,49,Nearest,OnArrival,141,12287,Node_703,10,0,5,10,5,,,,,,,
4,VISIT,52,Nearest,OnArrival,64,12296,Node_697,11,0,2,11,2,,,,,,,
4,VISIT,56,Nearest,OnArrival,12,12296,Node_705,3,0,4,3,4,,,,,,,
4,VISIT,54,Nearest,OnArrival,56,12303,Node_706,5,0,5,5,5,,,,,,,
4,VISIT,51,Nearest,OnArrival,121,12307,Node_706,5,0,5,5,5,,,,,,,
4,VISIT,55,Nearest,OnArrival,24,12316,Node_706,5,0,5,5,5,,,,,,,
4,VISIT,49,Nearest,OnArrival,142,12327,Node_709,10,0,6,10,6,,,,,,,
4,VISIT,48,Nearest,OnArrival,96,12331,Node_703,10,0,5,10,5,,,,,,,
4,VISIT,52,Nearest,OnArrival,65,12336,Node_700,11,0,3,11,3,,,,,,,
4,VISIT,53,Nearest,OnArrival,74,12361,Node_711,5,0,3,5,3,,,,,,,
4,VISIT,49,Nearest,OnArrival,143,12367,Node_703,10,0,5,10,5,,,,,,,
4,VISIT,52,Nearest,OnArrival,66,12377,Node_697,11,0,2,11,2,,,,,,,
4,VISIT,56,Nearest,OnArrival,13,12377,Node_705,3,0,4,3,4,,,,,,,
4,VISIT,57,Nearest,OnArrival,1,12381,Node_594,-10,0,-5,-10,-5,,,,,,,
4,VISIT,54,Nearest,OnArrival,57,12383,Node_711,5,0,3,5,3,,,,,,,
4,VISIT,51,Nearest,OnArrival,122,12386,Node_711,5,0,3,5,3,,,,,,,
4,VISIT,55,Nearest,OnArrival,25,12394,Node_711,5,0,3,5,3,,,,,,,
4,VISIT,49,Nearest,OnArrival,144,12405,Node_712,9,0,5,9,5,,,,,,,
4,VISIT,48,Nearest,OnArrival,97,12409,Node_703,10,0,5,10,5,,,,,,,
4,VISIT,56,Nearest,OnArrival,14,12414,Node_710,3,0,3,3,3,,,,,,,
4,VISIT,50,Nearest,OnArrival,101,12431,Node_706,5,0,5,5,5,,,,,,,
4,VISIT,53,Nearest,OnArrival,75,12439,Node_706,5,0,5,5,5,,,,,,,
4,VISIT,49,Nearest,OnArrival,145,12443,Node_703,10,0,5,10,5,,,,,,,
4,VISIT,52,Nearest,OnArrival,67,12452,Node_697,11,0,2,11,2,,,,,,,
4,VISIT,54,Nearest,OnArrival,58,12461,Node_706,5,0,5,5,5,,,,,,,
4,VISIT,51,Nearest,OnArrival,123,12464,Node_706,5,0,5,5,5,,,,,,,
4,VISIT,55,Nearest,OnArrival,26,12471,Node_706,5,0,5,5,5,,,,,,,
4,VISIT,53,Nearest,OnArrival,76,12475,Node_715,6,0,5,6,5,,,,,,,
4,VISIT,49,Nearest,OnArrival,146,12479,Node_714,11,0,5,11,5,,,,,,,
4,VISIT,48,Nearest,OnArrival,98,12483,Node_703,10,0,5,10,5,,,,,,,
4,VISIT,52,Nearest,OnArrival,68,12490,Node_700,11,0,3,11,3,,,,,,,
4,VISIT,54,Nearest,OnArrival,59,12498,Node_715,6,0,5,6,5,,,,,,,
4,VISIT,51,Nearest,OnArrival,124,12502,Node_715,6,0,5,6,5,,,,,,,
4,VISIT,50,Nearest,OnArrival,102,12505,Node_706,5,0,5,5,5,,,,,,,
4,VISIT,55,Nearest,OnArrival,27,12508,Node_715,6,0,5,6,5,,,,,,,
4,VISIT,53,Nearest,OnArrival,77,12512,Node_706,5,0,5,5,5,,,,,,,
4,VISIT,49,Nearest,OnArrival,147,12516,Node_703,10,0,5,10,5,,,,,,,
4,VISIT,48,Nearest,OnArrival,99,12519,Node_709,10,0,6,10,6,,,,,,,
4,VISIT,52,Nearest,OnArrival,69,12525,Node_707,11,0,4,11,4,,,,,,,
4,VISIT,56,Nearest,OnArrival,15,12525,Node_639,3,0,0,3,0,,,,,,,
4,VISIT,57,Nearest,OnArrival,2,12529,Node_596,-6,0,-5,-6,-5,,,,,,,
4,VISIT,54,Nearest,OnArrival,60,12533,Node_706,5,0,5,5,5,,,,,,,
4,VISIT,51,Nearest,OnArrival,125,12537,Node_706,5,0,5,5,5,,,,,,,
4,VISIT,50,Nearest,OnArrival,103,12541,Node_715,6,0,5,6,5,,,,,,,
4,VISIT,55,Nearest,OnArrival,28,12544,Node_708,6,0,6,6,6,,,,,,,
4,VISIT,53,Nearest,OnArrival,78,12548,Node_715,6,0,5,6,5,,,,,,,
4,VISIT,49,Nearest,OnArrival,148,12552,Node_709,10,0,6,10,6,,,,,,,
4,VISIT,52,Nearest,OnArrival,70,12561,Node_700,11,0,3,11,3,,,,,,,
4,VISIT,54,Nearest,OnArrival,61,12571,Node_715,6,0,5,6,5,,,,,,,
4,VISIT,51,Nearest,OnArrival,126,12575,Node_715,6,0,5,6,5,,,,,,,
4,VISIT,50,Nearest,OnArrival,104,12578,Node_708,6,0,6,6,6,,,,,,,
4,VISIT,55,Nearest,OnArrival,29,12581,Node_715,6,0,5,6,5,,,,,,,
4,VISIT,53,Nearest,OnArrival,79,12585,Node_708,6,0,6,6,6,,,,,,,
4,VISIT,49,Nearest,OnArrival,149,12589,Node_716,9,0,6,9,6,,,,,,,
4,VISIT,48,Nearest,OnArrival,100,12593,Node_709,10,0,6,10,6,,,,,,,
4,VISIT,57,Nearest,OnArrival,3,12603,Node_631,-6,0,-3,-6,-3,,,,,,,
4,VISIT,54,Nearest,OnArrival,62,12607,Node_708,6,0,6,6,6,,,,,,,
4,VISIT,51,Nearest,OnArrival,127,12611,Node_708,6,0,6,6,6,,,,,,,
4,VISIT,50,Nearest,OnArrival,105,12615,Node_715,6,0,5,6,5,,,,,,,
4,VISIT,55,Nearest,OnArrival,30,12618,Node_708,6,0,6,6,6,,,,,,,
4,VISIT,49,Nearest,OnArrival,150,12626,Node_709,10,0,6,10,6,,,,,,,
4,VISIT,52,Nearest,OnArrival,71,12634,Node_700,11,0,3,11,3,,,,,,,
4,VISIT,56,Nearest,OnArrival,16,12634,Node_710,3,0,3,3,3,,,,,,,
4,VISIT,57,Nearest,OnArrival,4,12639,Node_608,-5,0,-3,-5,-3,,,,,,,
4,VISIT,54,Nearest,OnArrival,63,12643,Node_718,7,0,6,7,6,,,,,,,
4,VISIT,51,Nearest,OnArrival,128,12647,Node_718,7,0,6,7,6,,,,,,,
4,VISIT,50,Nearest,OnArrival,106,12651,Node_708,6,0,6,6,6,,,,,,,
4,VISIT,55,Nearest,OnArrival,31,12654,Node_718,7,0,6,7,6,,,,,,,
4,VISIT,53,Nearest,OnArrival,80,12657,Node_708,6,0,6,6,6,,,,,,,
4,VISIT,49,Nearest,OnArrival,151,12661,Node_719,11,0,6,11,6,,,,,,,
4,VISIT,48,Nearest,OnArrival,101,12665,Node_709,10,0,6,10,6,,,,,,,
4,VISIT,52,Nearest,OnArrival,72,12669,Node_707,11,0,4,11,4,,,,,,,
4,VISIT,54,Nearest,OnArrival,64,12680,Node_708,6,0,6,6,6,,,,,,,
4,VISIT,51,Nearest,OnArrival,129,12684,Node_708,6,0,6,6,6,,,,,,,
4,VISIT,50,Nearest,OnArrival,107,12688,Node_718,7,0,6,7,6,,,,,,,
4,VISIT,55,Nearest,OnArrival,32,12692,Node_708,6,0,6,6,6,,,,,,,
4,VISIT,53,Nearest,OnArrival,81,12694,Node_718,7,0,6,7,6,,,,,,,
4,VISIT,49,Nearest,OnArrival,152,12697,Node_709,10,0,6,10,6,,,,,,,
4,VISIT,48,Nearest,OnArrival,102,12701,Node_716,9,0,6,9,6,,,,,,,
4,VISIT,52,Nearest,OnArrival,73,12705,Node_714,11,0,5,11,5,,,,,,,
4,VISIT,56,Nearest,OnArrival,17,12705,Node_711,5,0,3,5,3,,,,,,,
4,VISIT,57,Nearest,OnArrival,5,12709,Node_613,-3,0,-3,-3,-3,,,,,,,
4,VISIT,54,Nearest,OnArrival,65,12713,Node_718,7,0,6,7,6,,,,,,,
4,VISIT,51,Nearest,OnArrival,130,12717,Node_718,7,0,6,7,6,,,,,,,
4,VISIT,55,Nearest,OnArrival,33,12726,Node_718,7,0,6,7,6,,,,,,,
4,VISIT,53,Nearest,OnArrival,82,12730,Node_720,7,0,7,7,7,,,,,,,
4,VISIT,49,Nearest,OnArrival,153,12733,Node_716,9,0,6,9,6,,,,,,,
4,VISIT,48,Nearest,OnArrival,103,12736,Node_712,9,0,5,9,5,,,,,,,
4,VISIT,52,Nearest,OnArrival,74,12740,Node_707,11,0,4,11,4,,,,,,,
4,VISIT,54,Nearest,OnArrival,66,12750,Node_720,7,0,7,7,7,,,,,,,
4,VISIT,51,Nearest,OnArrival,131,12754,Node_720,7,0,7,7,7,,,,,,,
4,VISIT,50,Nearest,OnArrival,108,12758,Node_718,7,0,6,7,6,,,,,,,
4,VISIT,53,Nearest,OnArrival,83,12767,Node_718,7,0,6,7,6,,,,,,,
4,VISIT,49,Nearest,OnArrival,154,12771,Node_712,9,0,5,9,5,,,,,,,
4,VISIT,48,Nearest,OnArrival,104,12775,Node_716,9,0,6,9,6,,,,,,,
4,VISIT,52,Nearest,OnArrival,75,12779,Node_714,11,0,5,11,5,,,,,,,
4,VISIT,56,Nearest,OnArrival,18,12779,Node_710,3,0,3,3,3,,,,,,,
4,VISIT,54,Nearest,OnArrival,67,12786,Node_718,7,0,6,7,6,,,,,,,
4,VISIT,51,Nearest,OnArrival,132,12790,Node_718,7,0,6,7,6,,,,,,,
4,VISIT,50,Nearest,OnArrival,109,12794,Node_721,8,0,6,8,6,,,,,,,
4,VISIT,55,Nearest,OnArrival,34,12798,Node_718,7,0,6,7,6,,,,,,,
4,VISIT,53,Nearest,OnArrival,84,12803,Node_720,7,0,7,7,7,,,,,,,
4,VISIT,49,Nearest,OnArrival,155,12807,Node_716,9,0,6,9,6,,,,,,,
4,VISIT,48,Nearest,OnArrival,105,12811,Node_721,8,0,6,8,6,,,,,,,
4,VISIT,52,Nearest,OnArrival,76,12815,Node_719,11,0,6,11,6,,,,,,,
4,VISIT,57,Nearest,OnArrival,6,12820,Node_610,-3,0,0,-3,0,,,,,,,
4,VISIT,54,Nearest,OnArrival,68,12824,Node_720,7,0,7,7,7,,,,,,,
4,VISIT,51,Nearest,OnArrival,133,12828,Node_720,7,0,7,7,7,,,,,,,
4,VISIT,50,Nearest,OnArrival,110,12832,Node_718,7,0,6,7,6,,,,,,,
4,VISIT,55,Nearest,OnArrival,35,12836,Node_720,7,0,7,7,7,,,,,,,
4,VISIT,49,Nearest,OnArrival,156,12844,Node_721,8,0,6,8,6,,,,,,,
4,VISIT,48,Nearest,OnArrival,106,12848,Node_716,9,0,6,9,6,,,,,,,
4,VISIT,52,Nearest,OnArrival,77,12852,Node_714,11,0,5,11,5,,,,,,,
4,VISIT,56,Nearest,OnArrival,19,12852,Node_711,5,0,3,5,3,,,,,,,
4,VISIT,57,Nearest,OnArrival,7,12856,Node_611,-3,0,1,-3,1,,,,,,,
4,VISIT,54,Nearest,OnArrival,69,12860,Node_722,8,0,7,8,7,,,,,,,
4,VISIT,51,Nearest,OnArrival,134,12864,Node_722,8,0,7,8,7,,,,,,,
4,VISIT,50,Nearest,OnArrival,111,12867,Node_720,7,0,7,7,7,,,,,,,
4,VISIT,55,Nearest,OnArrival,36,12871,Node_722,8,0,7,8,7,,,,,,,
4,VISIT,53,Nearest,OnArrival,85,12875,Node_720,7,0,7,7,7,,,,,,,
4,VISIT,49,Nearest,OnArrival,157,12879,Node_716,9,0,6,9,6,,,,,,,
4,VISIT,48,Nearest,OnArrival,107,12883,Node_712,9,0,5,9,5,,,,,,,
4,VISIT,54,Nearest,OnArrival,70,12894,Node_720,7,0,7,7,7,,,,,,,
4,VISIT,51,Nearest,OnArrival,135,12899,Node_720,7,0,7,7,7,,,,,,,
4,VISIT,50,Nearest,OnArrival,112,12903,Node_722,8,0,7,8,7,,,,,,,
4,VISIT,55,Nearest,OnArrival,37,12907,Node_720,7,0,7,7,7,,,,,,,
4,VISIT,53,Nearest,OnArrival,86,12911,Node_722,8,0,7,8,7,,,,,,,
4,VISIT,49,Nearest,OnArrival,158,12915,Node_712,9,0,5,9,5,,,,,,,
4,VISIT,52,Nearest,OnArrival,78,12922,Node_714,11,0,5,11,5,,,,,,,
4,VISIT,56,Nearest,OnArrival,20,12922,Node_711,5,0,3,5,3,,,,,,,
4,VISIT,57,Nearest,OnArrival,8,12926,Node_615,-1,0,1,-1,1,,,,,,,
4,VISIT,54,Nearest,OnArrival,71,12929,Node_722,8,0,7,8,7,,,,,,,
4,VISIT,51,Nearest,OnArrival,136,12933,Node_722,8,0,7,8,7,,,,,,,
4,VISIT,55,Nearest,OnArrival,38,12941,Node_722,8,0,7,8,7,,,,,,,
4,VISIT,53,Nearest,OnArrival,87,12944,Node_726,8,0,8,8,8,,,,,,,
4,VISIT,49,Nearest,OnArrival,159,12948,Node_725,8,0,5,8,5,,,,,,,
4,VISIT,48,Nearest,OnArrival,108,12952,Node_712,9,0,5,9,5,,,,,,,
4,VISIT,52,Nearest,OnArrival,79,12956,Node_719,11,0,6,11,6,,,,,,,
4,VISIT,56,Nearest,OnArrival,21,12956,Node_724,6,0,3,6,3,,,,,,,
4,VISIT,57,Nearest,OnArrival,9,12960,Node_632,0,0,1,0,1,,,,,,,
4,VISIT,54,Nearest,OnArrival,72,12963,Node_726,8,0,8,8,8,,,,,,,
4,VISIT,51,Nearest,OnArrival,137,12967,Node_726,8,0,8,8,8,,,,,,,
4,VISIT,50,Nearest,OnArrival,113,12970,Node_722,8,0,7,8,7,,,,,,,
4,VISIT,55,Nearest,OnArrival,39,12974,Node_721,8,0,6,8,6,,,,,,,
4,VISIT,53,Nearest,OnArrival,88,12978,Node_722,8,0,7,8,7,,,,,,,
4,VISIT,49,Nearest,OnArrival,160,12982,Node_712,9,0,5,9,5,,,,,,,
4,VISIT,48,Nearest,OnArrival,109,12986,Node_725,8,0,5,8,5,,,,,,,
4,VISIT,57,Nearest,OnArrival,10,12994,Node_634,0,0,0,0,0,,,,,,,
4,VISIT,54,Nearest,OnArrival,73,12997,Node_722,8,0,7,8,7,,,,,,,
4,VISIT,51,Nearest,OnArrival,138,13001,Node_722,8,0,7,8,7,,,,,,,
4,VISIT,50,Nearest,OnArrival,114,13005,Node_721,8,0,6,8,6,,,,,,,
4,VISIT,55,Nearest,OnArrival,40,13009,Node_722,8,0,7,8,7,,,,,,,
4,VISIT,53,Nearest,OnArrival,89,13013,Node_721,8,0,6,8,6,,,,,,,
4,VISIT,49,Nearest,OnArrival,161,13017,Node_725,8,0,5,8,5,,,,,,,
4,VISIT,48,Nearest,OnArrival,110,13021,Node_721,8,0,6,8,6,,,,,,,
4,VISIT,52,Nearest,OnArrival,80,13025,Node_719,11,0,6,11,6,,,,,,,
4,VISIT,56,Nearest,OnArrival,22,13025,Node_724,6,0,3,6,3,,,,,,,
4,VISIT,54,Nearest,OnArrival,74,13032,Node_721,8,0,6,8,6,,,,,,,
4,VISIT,51,Nearest,OnArrival,139,13036,Node_721,8,0,6,8,6,,,,,,,
4,VISIT,50,Nearest,OnArrival,115,13040,Node_722,8,0,7,8,7,,,,,,,
4,VISIT,55,Nearest,OnArrival,41,13044,Node_721,8,0,6,8,6,,,,,,,
4,VISIT,53,Nearest,OnArrival,90,13048,Node_725,8,0,5,8,5,,,,,,,
4,VISIT,49,Nearest,OnArrival,162,13053,Node_721,8,0,6,8,6,,,,,,,
4,VISIT,48,Nearest,OnArrival,111,13057,Node_725,8,0,5,8,5,,,,,,,
4,VISIT,52,Nearest,OnArrival,81,13061,Node_727,12,0,6,12,6,,,,,,,
4,VISIT,56,Nearest,OnArrival,23,13061,Node_728,6,0,2,6,2,,,,,,,
4,VISIT,54,Nearest,OnArrival,75,13068,Node_725,8,0,5,8,5,,,,,,,
4,VISIT,51,Nearest,OnArrival,140,13072,Node_725,8,0,5,8,5,,,,,,,
4,VISIT,50,Nearest,OnArrival,116,13076,Node_721,8,0,6,8,6,,,,,,,
4,VISIT,55,Nearest,OnArrival,42,13080,Node_725,8,0,5,8,5,,,,,,,
4,VISIT,53,Nearest,OnArrival,91,13083,Node_721,8,0,6,8,6,,,,,,,
4,VISIT,49,Nearest,OnArrival,163,13087,Node_725,8,0,5,8,5,,,,,,,
4,VISIT,57,Nearest,OnArrival,11,13097,Node_639,3,0,0,3,0,,,,,,,
4,VISIT,58,Nearest,OnArrival,0,13097,Node_595,-10,0,-1,-10,-1,,,,,,,
4,VISIT,50,Nearest,OnArrival,117,13108,Node_725,8,0,5,8,5,,,,,,,
4,VISIT,53,Nearest,OnArrival,92,13118,Node_725,8,0,5,8,5,,,,,,,
4,VISIT,52,Nearest,OnArrival,82,13130,Node_727,12,0,6,12,6,,,,,,,
4,VISIT,48,Nearest,OnArrival,112,13169,Node_695,8,0,2,8,2,,,,,,,
4,VISIT,52,Nearest,OnArrival,83,13173,Node_723,12,0,5,12,5,,,,,,,
4,VISIT,54,Nearest,OnArrival,76,13182,Node_695,8,0,2,8,2,,,,,,,
4,VISIT,51,Nearest,OnArrival,141,13185,Node_695,8,0,2,8,2,,,,,,,
4,VISIT,55,Nearest,OnArrival,43,13196,Node_695,8,0,2,8,2,,,,,,,
4,VISIT,49,Nearest,OnArrival,164,13206,Node_695,8,0,2,8,2,,,,,,,
4,VISIT,52,Nearest,OnArrival,84,13213,Node_727,12,0,6,12,6,,,,,,,
4,VISIT,56,Nearest,OnArrival,24,13213,Node_728,6,0,2,6,2,,,,,,,
4,VISIT,57,Nearest,OnArrival,12,13217,Node_730,6,0,0,6,0,,,,,,,
4,VISIT,58,Nearest,OnArrival,1,13217,Node_597,-10,0,2,-10,2,,,,,,,
4,VISIT,50,Nearest,OnArrival,118,13228,Node_695,8,0,2,8,2,,,,,,,
4,VISIT,53,Nearest,OnArrival,93,13240,Node_695,8,0,2,8,2,,,,,,,
4,VISIT,48,Nearest,OnArrival,113,13292,Node_725,8,0,5,8,5,,,,,,,
4,VISIT,52,Nearest,OnArrival,85,13296,Node_727,12,0,6,12,6,,,,,,,
4,VISIT,56,Nearest,OnArrival,25,13296,Node_695,8,0,2,8,2,,,,,,,
4,VISIT,54,Nearest,OnArrival,77,13304,Node_725,8,0,5,8,5,,,,,,,
4,VISIT,51,Nearest,OnArrival,142,13307,Node_725,8,0,5,8,5,,,,,,,
4,VISIT,55,Nearest,OnArrival,44,13315,Node_725,8,0,5,8,5,,,,,,,
4,VISIT,49,Nearest,OnArrival,165,13325,Node_725,8,0,5,8,5,,,,,,,
4,VISIT,52,Nearest,OnArrival,86,13335,Node_729,12,0,7,12,7,,,,,,,
4,VISIT,57,Nearest,OnArrival,13,13340,Node_639,3,0,0,3,0,,,,,,,
4,VISIT,58,Nearest,OnArrival,2,13340,Node_609,-7,0,2,-7,2,,,,,,,
4,VISIT,54,Nearest,OnArrival,78,13343,Node_712,9,0,5,9,5,,,,,,,
4,VISIT,51,Nearest,OnArrival,143,13345,Node_712,9,0,5,9,5,,,,,,,
4,VISIT,50,Nearest,OnArrival,119,13348,Node_725,8,0,5,8,5,,,,,,,
4,VISIT,55,Nearest,OnArrival,45,13352,Node_712,9,0,5,9,5,,,,,,,
4,VISIT,53,Nearest,OnArrival,94,13357,Node_725,8,0,5,8,5,,,,,,,
4,VISIT,49,Nearest,OnArrival,166,13361,Node_712,9,0,5,9,5,,,,,,,
4,VISIT,56,Nearest,OnArrival,26,13369,Node_728,6,0,2,6,2,,,,,,,
4,VISIT,58,Nearest,OnArrival,3,13373,Node_605,-6,0,2,-6,2,,,,,,,
4,VISIT,54,Nearest,OnArrival,79,13377,Node_703,10,0,5,10,5,,,,,,,
4,VISIT,51,Nearest,OnArrival,144,13379,Node_703,10,0,5,10,5,,,,,,,
4,VISIT,50,Nearest,OnArrival,120,13381,Node_712,9,0,5,9,5,,,,,,,
4,VISIT,55,Nearest,OnArrival,46,13385,Node_703,10,0,5,10,5,,,,,,,
4,VISIT,53,Nearest,OnArrival,95,13389,Node_712,9,0,5,9,5,,,,,,,
4,VISIT,49,Nearest,OnArrival,167,13395,Node_703,10,0,5,10,5,,,,,,,
4,VISIT,48,Nearest,OnArrival,114,13399,Node_695,8,0,2,8,2,,,,,,,
4,VISIT,52,Nearest,OnArrival,87,13403,Node_729,12,0,7,12,7,,,,,,,
4,VISIT,54,Nearest,OnArrival,80,13413,Node_714,11,0,5,11,5,,,,,,,
4,VISIT,51,Nearest,OnArrival,145,13416,Node_714,11,0,5,11,5,,,,,,,
4,VISIT,50,Nearest,OnArrival,121,13418,Node_703,10,0,5,10,5,,,,,,,
4,VISIT,55,Nearest,OnArrival,47,13422,Node_714,11,0,5,11,5,,,,,,,
4,VISIT,53,Nearest,OnArrival,96,13426,Node_703,10,0,5,10,5,,,,,,,
4,VISIT,49,Nearest,OnArrival,168,13431,Node_714,11,0,5,11,5,,,,,,,
4,VISIT,56,Nearest,OnArrival,27,13441,Node_695,8,0,2,8,2,,,,,,,
4,VISIT,57,Nearest,OnArrival,14,13445,Node_710,3,0,3,3,3,,,,,,,
4,VISIT,54,Nearest,OnArrival,81,13449,Node_723,12,0,5,12,5,,,,,,,
4,VISIT,51,Nearest,OnArrival,146,13453,Node_723,12,0,5,12,5,,,,,,,
4,VISIT,50,Nearest,OnArrival,122,13455,Node_714,11,0,5,11,5,,,,,,,
4,VISIT,55,Nearest,OnArrival,48,13458,Node_723,12,0,5,12,5,,,,,,,
4,VISIT,53,Nearest,OnArrival,97,13462,Node_714,11,0,5,11,5,,,,,,,
4,VISIT,49,Nearest,OnArrival,169,13466,Node_723,12,0,5,12,5,,,,,,,
4,VISIT,48,Nearest,OnArrival,115,13470,Node_688,10,0,2,10,2,,,,,,,
4,VISIT,52,Nearest,OnArrival,88,13475,Node_729,12,0,7,12,7,,,,,,,
4,VISIT,58,Nearest,OnArrival,4,13479,Node_614,-3,0,2,-3,2,,,,,,,
4,VISIT,51,Nearest,OnArrival,147,13487,Node_734,13,0,5,13,5,,,,,,,
4,VISIT,50,Nearest,OnArrival,123,13490,Node_723,12,0,5,12,5,,,,,,,
4,VISIT,55,Nearest,OnArrival,49,13493,Node_734,13,0,5,13,5,,,,,,,
4,VISIT,53,Nearest,OnArrival,98,13496,Node_723,12,0,5,12,5,,,,,,,
4,VISIT,49,Nearest,OnArrival,170,13500,Node_734,13,0,5,13,5,,,,,,,
4,VISIT,48,Nearest,OnArrival,116,13504,Node_697,11,0,2,11,2,,,,,,,
4,VISIT,52,Nearest,OnArrival,89,13508,Node_732,12,0,8,12,8,,,,,,,
4,VISIT,56,Nearest,OnArrival,28,13508,Node_688,10,0,2,10,2,,,,,,,
4,VISIT,57,Nearest,OnArrival,15,13512,Node_711,5,0,3,5,3,,,,,,,
4,VISIT,58,Nearest,OnArrival,5,13512,Node_611,-3,0,1,-3,1,,,,,,,
4,VISIT,54,Nearest,OnArrival,82,13516,Node_723,12,0,5,12,5,,,,,,,
4,VISIT,51,Nearest,OnArrival,148,13520,Node_723,12,0,5,12,5,,,,,,,
4,VISIT,50,Nearest,OnArrival,124,13524,Node_734,13,0,5,13,5,,,,,,,
4,VISIT,55,Nearest,OnArrival,50,13527,Node_723,12,0,5,12,5,,,,,,,
4,VISIT,53,Nearest,OnArrival,99,13530,Node_734,13,0,5,13,5,,,,,,,
4,VISIT,49,Nearest,OnArrival,171,13533,Node_723,12,0,5,12,5,,,,,,,
4,VISIT,48,Nearest,OnArrival,117,13537,Node_713,12,0,2,12,2,,,,,,,
4,VISIT,56,Nearest,OnArrival,29,13542,Node_697,11,0,2,11,2,,,,,,,
4,VISIT,54,Nearest,OnArrival,83,13552,Node_734,13,0,5,13,5,,,,,,,
4,VISIT,51,Nearest,OnArrival,149,13556,Node_734,13,0,5,13,5,,,,,,,
4,VISIT,50,Nearest,OnArrival,125,13560,Node_731,13,0,6,13,6,,,,,,,
4,VISIT,55,Nearest,OnArrival,51,13563,Node_734,13,0,5,13,5,,,,,,,
4,VISIT,53,Nearest,OnArrival,100,13566,Node_731,13,0,6,13,6,,,,,,,
4,VISIT,49,Nearest,OnArrival,172,13569,Node_734,13,0,5,13,5,,,,,,,
4,VISIT,48,Nearest,OnArrival,118,13573,Node_717,12,0,3,12,3,,,,,,,
4,VISIT,52,Nearest,OnArrival,90,13577,Node_732,12,0,8,12,8,,,,,,,
4,VISIT,56,Nearest,OnArrival,30,13577,Node_713,12,0,2,12,2,,,,,,,
4,VISIT,57,Nearest,OnArrival,16,13581,Node_706,5,0,5,5,5,,,,,,,
4,VISIT,58,Nearest,OnArrival,6,13581,Node_615,-1,0,1,-1,1,,,,,,,
4,VISIT,54,Nearest,OnArrival,84,13585,Node_731,13,0,6,13,6,,,,,,,
4,VISIT,51,Nearest,OnArrival,150,13589,Node_731,13,0,6,13,6,,,,,,,
4,VISIT,50,Nearest,OnArrival,126,13593,Node_734,13,0,5,13,5,,,,,,,
4,VISIT,55,Nearest,OnArrival,52,13596,Node_731,13,0,6,13,6,,,,,,,
4,VISIT,53,Nearest,OnArrival,101,13599,Node_734,13,0,5,13,5,,,,,,,
4,VISIT,49,Nearest,OnArrival,173,13602,Node_731,13,0,6,13,6,,,,,,,
4,VISIT,48,Nearest,OnArrival,119,13606,Node_713,12,0,2,12,2,,,,,,,
4,VISIT,57,Nearest,OnArrival,17,13614,Node_696,5,0,6,5,6,,,,,,,
4,VISIT,58,Nearest,OnArrival,7,13614,Node_632,0,0,1,0,1,,,,,,,
4,VISIT,54,Nearest,OnArrival,85,13618,Node_734,13,0,5,13,5,,,,,,,
4,VISIT,51,Nearest,OnArrival,151,13622,Node_734,13,0,5,13,5,,,,,,,
4,VISIT,50,Nearest,OnArrival,127,13626,Node_731,13,0,6,13,6,,,,,,,
4,VISIT,55,Nearest,OnArrival,53,13628,Node_733,13,0,7,13,7,,,,,,,
4,VISIT,53,Nearest,OnArrival,102,13630,Node_731,13,0,6,13,6,,,,,,,
4,VISIT,49,Nearest,OnArrival,174,13632,Node_733,13,0,7,13,7,,,,,,,
4,VISIT,48,Nearest,OnArrival,120,13636,Node_737,13,0,2,13,2,,,,,,,
4,VISIT,52,Nearest,OnArrival,91,13640,Node_732,12,0,8,12,8,,,,,,,
4,VISIT,56,Nearest,OnArrival,31,13640,Node_713,12,0,2,12,2,,,,,,,
4,VISIT,58,Nearest,OnArrival,8,13644,Node_634,0,0,0,0,0,,,,,,,
4,VISIT,54,Nearest,OnArrival,86,13648,Node_731,13,0,6,13,6,,,,,,,
4,VISIT,51,Nearest,OnArrival,152,13652,Node_731,13,0,6,13,6,,,,,,,
4,VISIT,50,Nearest,OnArrival,128,13658,Node_733,13,0,7,13,7,,,,,,,
4,VISIT,55,Nearest,OnArrival,54,13662,Node_731,13,0,6,13,6,,,,,,,
4,VISIT,53,Nearest,OnArrival,103,13664,Node_733,13,0,7,13,7,,,,,,,
4,VISIT,49,Nearest,OnArrival,175,13666,Node_731,13,0,6,13,6,,,,,,,
4,VISIT,48,Nearest,OnArrival,121,13670,Node_713,12,0,2,12,2,,,,,,,
4,VISIT,56,Nearest,OnArrival,32,13674,Node_717,12,0,3,12,3,,,,,,,
4,VISIT,54,Nearest,OnArrival,87,13683,Node_733,13,0,7,13,7,,,,,,,
4,VISIT,51,Nearest,OnArrival,153,13687,Node_733,13,0,7,13,7,,,,,,,
4,VISIT,50,Nearest,OnArrival,129,13692,Node_731,13,0,6,13,6,,,,,,,
4,VISIT,55,Nearest,OnArrival,55,13696,Node_733,13,0,7,13,7,,,,,,,
4,VISIT,53,Nearest,OnArrival,104,13699,Node_738,13,0,8,13,8,,,,,,,
4,VISIT,49,Nearest,OnArrival,176,13701,Node_733,13,0,7,13,7,,,,,,,
4,VISIT,48,Nearest,OnArrival,122,13704,Node_717,12,0,3,12,3,,,,,,,
4,VISIT,52,Nearest,OnArrival,92,13708,Node_732,12,0,8,12,8,,,,,,,
4,VISIT,57,Nearest,OnArrival,18,13712,Node_702,5,0,9,5,9,,,,,,,
4,VISIT,54,Nearest,OnArrival,88,13716,Node_738,13,0,8,13,8,,,,,,,
4,VISIT,51,Nearest,OnArrival,154,13720,Node_738,13,0,8,13,8,,,,,,,
4,VISIT,50,Nearest,OnArrival,130,13725,Node_733,13,0,7,13,7,,,,,,,
4,VISIT,55,Nearest,OnArrival,56,13729,Node_738,13,0,8,13,8,,,,,,,
4,VISIT,53,Nearest,OnArrival,105,13733,Node_733,13,0,7,13,7,,,,,,,
4,VISIT,49,Nearest,OnArrival,177,13735,Node_738,13,0,8,13,8,,,,,,,
4,VISIT,48,Nearest,OnArrival,123,13738,Node_739,13,0,3,13,3,,,,,,,
4,VISIT,52,Nearest,OnArrival,93,13742,Node_735,12,0,9,12,9,,,,,,,
4,VISIT,56,Nearest,OnArrival,33,13742,Node_717,12,0,3,12,3,,,,,,,
4,VISIT,58,Nearest,OnArrival,9,13746,Node_639,3,0,0,3,0,,,,,,,
4,VISIT,54,Nearest,OnArrival,89,13750,Node_733,13,0,7,13,7,,,,,,,
4,VISIT,51,Nearest,OnArrival,155,13753,Node_733,13,0,7,13,7,,,,,,,
4,VISIT,50,Nearest,OnArrival,131,13759,Node_738,13,0,8,13,8,,,,,,,
4,VISIT,55,Nearest,OnArrival,57,13763,Node_733,13,0,7,13,7,,,,,,,
4,VISIT,53,Nearest,OnArrival,106,13767,Node_738,13,0,8,13,8,,,,,,,
4,VISIT,49,Nearest,OnArrival,178,13769,Node_593,13,0,9,13,9,,,,,,,
4,SUMMARY,,Unknown,None,,,,,,,,,148,-1,70856.000,2006,0,0.000,0.000
